S05_err,V_rot_err,V_rot,Morph,M_tot,MSAMI,INCMGE,Re,SPAXNUM,Sig_err,EPSMGE,Z,Sig,S05,ID
6.6783356436970305,10.665933244490514,286.69419453939145,0.5,11.076386999999999,11.076386999999999,0.8061715459721503,8.431616487527696,170.0,6.125938142079309,0.707151532173,0.04723,208.00075474828574,290.44981419713764,7839.0
0.8049883780011041,1.4257715700329974,45.15908162694632,3.0,9.272888,9.272888,0.8478025986310366,4.26114165659808,242.0,0.17476011298879715,0.678415179253,0.01964,23.85678439936625,39.85997351444736,8353.0
2.3137256056203834,4.170170672501073,144.40843078734818,2.0,10.357338,10.357338,1.1725131296596032,4.435782992684926,152.0,1.0474276747374065,0.429418742657,0.02051,61.73646599344253,119.32430043621315,8703.0
0.8017971206964669,1.1328149925840358,64.218485077429,2.0,9.975106,9.975106,1.293444921167795,5.428535494625389,173.0,0.9201560144611136,0.334623128176,0.02075,79.49330932274157,91.54885657342236,8706.0
1.3963194684484708,2.9733307234179827,74.91716444380877,2.5,9.431899000000001,9.431899000000001,1.1093309283492463,4.211692482682285,52.0,0.5915772396236925,0.47992375493,0.03362,50.395440902311925,73.11628565435169,9067.0
0.5614321305381779,1.0252595222208216,27.179576054525644,3.0,9.157489,9.157489,1.300386874000842,3.6148343056854246,449.0,0.21053393613694996,0.329396516085,0.006999999999999999,18.742091903339084,26.84456530035605,9163.0
0.4761916750305834,0.9920354799888744,37.7751844616121,3.0,8.7647915,8.7647915,0.9549307438362521,3.4180154778256746,82.0,0.4172065577558762,0.600291013718,0.02554,26.170410825133963,37.394821610895534,14555.0
1.8972706477498151,3.0473223772828666,108.04863707590799,2.5,9.868642,9.868642,0.7151853175672479,4.398036977035231,185.0,0.6584315487420465,0.766278684139,0.02471,32.793882206582445,83.14260458489285,14812.0
6.1262211430831135,9.954870255913713,319.5748969970287,0.5,11.152542,11.152542,0.4369274671747301,11.552203373789501,169.0,2.983261186083666,0.910000085831,0.07755,95.63998479253422,245.37942881677537,15165.0
0.5690573473946637,1.0754586604540393,41.269051362322585,3.0,9.011644,9.011644,1.0191824246504422,6.696008674082414,273.0,0.1876316627995292,0.55104970932,0.02562,26.869183623640648,39.66762318029566,15218.0
0.5225335858674938,0.9284300403174662,21.49538148910501,3.0,8.589376,8.589376,1.3788698413225051,2.0917834930739705,224.0,0.19180842915987412,0.273733943701,0.00603,14.333638107276188,20.89207730388339,16863.0
0.7113537348504623,1.3616259428254642,31.446979935086198,3.0,9.989907,9.989907,0.6407580756759066,11.623247145671806,189.0,0.7498838330574439,0.8105096817020001,0.07048,34.195931403876635,40.789925203381955,22633.0
3.121455260449038,5.283919223093958,131.9553203292602,2.0,10.472706,10.472706,1.0089097737868815,6.270637591630864,131.0,2.8097651462076976,0.559020638466,0.03622,102.36664302137127,138.5100461521246,22887.0
11.912931888700587,20.24794524943229,414.312621574286,0.0,10.961328,10.961328,0.4496074476044473,9.056347724662224,106.0,7.204592694941546,0.904802680016,0.07796,205.78643906715013,358.01610676311304,23265.0
1.723940523608441,2.6862996348186936,84.76265708212536,2.5,9.717974,9.717974,0.7562017987910556,4.394891053118901,235.0,0.3943740865368359,0.740278720856,0.021230000000000002,22.600393905485404,64.05569313100975,23337.0
3.2580021104943198,3.9409511820620167,170.64538972015134,1.0,11.317789999999999,11.317789999999999,0.9175961140578004,23.847618369394205,420.0,3.3055211938917184,0.62814283371,0.07768,198.28642925830692,232.11512778011846,23623.0
1.7512986941762931,2.7548002568901593,143.81067965708527,2.0,10.374132000000001,10.374132000000001,0.8521891767743869,7.670903799660758,598.0,0.8696326000695088,0.675330400467,0.02076,42.730737656922,110.30263701481071,30346.0
1.172080082517462,1.9946231969431605,80.28275222964224,3.0,9.794161,9.794161,0.972627215823931,4.724954637275208,245.0,0.2894870253023841,0.586882650852,0.019819999999999997,32.038120600759285,65.18513116050208,30890.0
0.5807695941264512,1.5086510281279943,33.26435047104729,3.0,9.469799,9.469799,1.4439440733087123,4.045084597525708,72.0,0.30613800871345753,0.23529800772700002,0.02021,31.08199298006084,38.97882494050947,31452.0
2.498361169623703,4.2189658899679925,91.66247792758804,2.0,10.490575999999999,10.490575999999999,1.2936931094068873,5.9336202794770845,210.0,0.8188872477949152,0.334435641766,0.02043,44.3352575161371,78.52782939146459,31620.0
0.801652950997281,1.3904760678312578,29.61661664822329,3.0,8.04524,8.04524,0.600433167356472,3.3711386044607106,120.0,0.5188656969993407,0.832792937756,0.02052,17.183905633764592,27.089824725790216,32249.0
1.190458206633063,1.942041379922892,110.32860587321886,2.0,10.419014,10.419014,0.976755553175766,7.267054091706986,580.0,0.4647214098962576,0.5837368369100001,0.01898,37.555740794263905,86.58310634049792,32362.0
4.2630657138521135,7.482710458729881,191.5018927011441,1.0,10.940301,10.940301,0.991849794236166,9.878653114091307,153.0,4.811858681550513,0.572180271149,0.05512,122.81010744165674,182.80812329842323,36880.0
3.5213354157189416,6.598623133749652,188.1022689927673,2.0,10.708817,10.708817,0.8389599734698241,9.664433184845398,172.0,2.9686859470136544,0.684601306915,0.055260000000000004,91.99019731325451,161.7202158106561,37064.0
1.2982505261073338,1.631217932266947,40.99589364773955,1.5,9.684007000000001,9.684007000000001,1.1047224085747775,2.426087785092095,52.0,1.4671017759293814,0.483597755432,0.02046,55.171958092307406,62.3239649551255,40197.0
2.9915252097482177,4.4142643210526815,265.1937629785566,2.0,10.45646,10.45646,0.4257177185277162,13.585199926870224,708.0,2.024801318791563,0.914480149746,0.02069,52.78684557093276,194.808411077892,40278.0
0.7265351508345758,1.1015552702041869,54.99118143087794,3.0,7.9093137,7.9093137,0.3869415793354655,6.300309083671669,302.0,0.2625610438334428,0.929137766361,0.01961,13.35443134178733,41.113937467048565,40283.0
1.4311373064175066,2.2135203490251008,84.13141168695388,3.0,9.84843,9.84843,0.9828878751095032,8.330996905854722,449.0,0.1705355537506743,0.5790519714360001,0.02483,23.336443295579357,63.903339520776605,40916.0
12.01040396080867,19.447633099616283,413.1300123297969,0.0,11.320723,11.320723,0.4115169582511224,14.003354875694294,231.0,5.640502075638236,0.9199999570849999,0.07082000000000001,153.6500970885706,330.0705316733625,41059.0
2.114042648062717,3.5531447479542746,117.05380415367064,2.0,10.356815,10.356815,0.9722586095153012,5.935074421260175,185.0,0.7307635988955534,0.5871632099149999,0.029660000000000002,42.038858380578375,92.83351844762356,41144.0
2.1624655545016442,3.5888205664639905,80.37247839440738,2.5,9.925103,9.925103,1.1489392578380893,4.116957268035516,101.0,0.4471901979546715,0.448271781206,0.02422,30.23470421194602,64.37394644119317,47342.0
1.8144043354398964,3.0384197413827057,90.38512830625835,3.0,9.943461,9.943461,0.6054289937586451,6.744539348347701,128.0,0.35287683428605304,0.830098748207,0.04841,35.10862094665022,72.9201685012107,53977.0
0.4803346680165715,0.7996405326338696,33.765835883294784,3.0,8.870821000000001,8.870821000000001,1.0385924715361383,1.3737142742119195,308.0,0.19888749314978146,0.535900473595,0.00485,15.352811278827815,28.38617005888786,54102.0
2.167035326212039,3.2572344610440336,142.2710063663827,2.5,10.290046,10.290046,0.4610385205760271,8.379177770064048,274.0,0.6575282253389971,0.899999916553,0.042539999999999994,28.37879085951785,104.52691230922258,54359.0
1.6994272429000956,3.2540937634565497,101.8935325240017,2.5,10.401575999999999,10.401575999999999,0.6397979030856811,9.235763676331375,160.0,1.6166356265465982,0.811054348946,0.059539999999999996,74.8678082396959,103.9054122542506,54375.0
5.063473543442865,8.114833591720988,282.7625873818572,0.0,10.980452,10.980452,0.6056113561549069,11.109903321448583,102.0,4.411368178662591,0.8300000429150001,0.09412999999999999,90.68223342785,219.54636838468602,54921.0
2.1637788157792497,3.769292678419576,113.81363114510134,3.0,9.988055000000001,9.988055000000001,0.6023251883241764,6.431449585114413,166.0,1.1073290640441162,0.831774830818,0.04042,45.163414554383316,92.28491388860736,55150.0
2.022659920008336,3.625924046111766,118.68357082640806,2.0,10.426507,10.426507,0.6649375645804378,7.745329853837224,229.0,1.4367288675761207,0.796571850777,0.040310000000000006,53.304073561959676,99.41941083285656,56064.0
1.5433485333872694,2.7916908714259807,83.46685326057649,2.5,10.102927000000001,10.102927000000001,0.9757603560084348,7.597416921199852,90.0,0.8053006182019188,0.584495782852,0.055,36.39304259506815,69.33838291983561,63389.0
0.20565899192290604,0.4647169539076199,11.546945213725145,3.0,9.453714999999999,9.453714999999999,0.4116531156536925,10.879464016077037,388.0,0.14080001675777326,0.9199478626250001,0.03494,17.55602550323957,19.361818183083514,63855.0
4.26899926939385,6.93178184261942,288.7200286234044,2.0,11.166538000000001,11.166538000000001,0.5834044522576364,15.229119335035902,203.0,3.2625246457945627,0.8418326377869999,0.09329,85.85034243642096,221.47213991967584,63997.0
4.488034725892386,7.788170246795549,262.12649617458993,2.0,11.050885000000001,11.050885000000001,0.6151536684179684,11.982447334848473,504.0,2.5202295805276678,0.8248000144959999,0.04318,120.4896228782504,221.07215840020802,65406.0
1.1976491251986292,2.0620825595653094,51.994922636488674,3.0,8.990894,8.990894,0.5878324328697078,3.1999606282869975,186.0,0.16428663901954518,0.839503526688,0.01848,23.866041854620015,43.83290936948739,69620.0
0.6803502196384749,1.33887973471034,40.123476131248545,3.0,8.465116499999999,8.465116499999999,0.8597341837794436,3.370605505889154,171.0,0.2351347341877225,0.670000016689,0.01831,24.29439813445545,37.35190020792608,69653.0
5.6073996608370695,9.50393485078345,367.1996791683243,2.0,11.215289,11.215289,0.4231169743288044,17.776818447000135,209.0,3.3671777161009677,0.915504097939,0.11134000000000001,122.2143421829693,286.97412361722803,69822.0
0.4663781970976785,1.1558914081408047,30.971130446433325,0.0,8.95476,8.95476,0.39779532070459095,1.0555178023534124,510.0,0.2558203026453356,0.925167143345,0.00379,43.2856871538488,48.510371807953256,70114.0
9.128921410687152,15.91901714725956,614.4002258428293,0.0,11.258751,11.258751,0.4369274671747301,11.79666051125261,158.0,6.189986440099221,0.910000085831,0.08199,267.2635177841893,510.07215832295685,70670.0
1.2697902072537648,1.8630518776334744,97.8891338252268,3.0,9.003041,9.003041,0.4293406469648737,5.553779185319056,368.0,0.2799704238737332,0.913044035435,0.02095,20.044586680994932,72.06196441770444,71146.0
2.672388490912992,5.623662122805957,159.2405637755554,1.5,10.308177,10.308177,0.7839200683003155,6.169048898213024,77.0,2.43907628583254,0.7220934629440001,0.05415,87.67730270868911,142.7098033985383,77226.0
2.237553863533804,4.634868891998719,117.4036590310429,2.0,10.432416,10.432416,1.0061566006513218,10.904128552074102,193.0,1.263580801163246,0.561151087284,0.05316,70.58750827361901,108.96974764225584,77754.0
1.5621903165557764,2.4817705466117035,127.48611637236314,3.0,10.121978,10.121978,0.6238523301448797,12.537076450127135,345.0,0.5729434012594504,0.819999933243,0.0551,35.577533052172434,96.9129289204092,78667.0
1.1851511170374591,1.8021186804128693,76.98863231508109,3.0,9.369678500000001,9.369678500000001,0.9150761871462868,8.579641666984768,309.0,0.3249162052562452,0.630000054836,0.02985,20.875154972105605,58.30434673317933,78921.0
2.0942405244248037,3.2418396742362035,149.26466488831414,2.5,10.4498205,10.4498205,0.8873482351264539,12.273260262430224,449.0,0.8394572517995401,0.650234341621,0.040310000000000006,37.398568054693996,111.97599289424468,79635.0
3.685467937204858,6.482805716885585,158.75091962984322,2.0,10.532672,10.532672,1.096683208634313,7.353294079425196,96.0,1.7486178366103162,0.49000000953699996,0.04728,70.81746723676589,132.72543429008206,84677.0
5.291215061790094,9.587419944630613,256.96852118867673,0.5,11.097119000000001,11.097119000000001,0.66348113225571,10.639767917534044,132.0,4.262581093346843,0.7974233627320001,0.07644,157.5286829540019,240.4822163781974,84734.0
3.0190718014418394,5.363648048513093,193.86815344263505,1.5,10.882657,10.882657,1.0011847235932732,13.579935823892153,131.0,3.1555885589359374,0.564991950989,0.08225,96.95049795784368,167.90422720676926,85707.0
4.025935909657609,7.185521398444915,183.6369610359788,2.0,11.135809,11.135809,1.1475244922552057,11.89296445948738,183.0,3.602027068891458,0.449403584003,0.05284,111.93711944529169,171.43857628601063,91589.0
1.9578779224130645,2.9266574983320424,116.20476902801028,2.5,10.273163,10.273163,0.70916569268565,11.776452585254125,307.0,1.5526367974185225,0.7699999809270001,0.053070000000000006,36.28581097082574,89.82446353993495,91627.0
0.8735701030692805,1.2384225301453646,40.69108739314033,2.0,10.576995,10.576995,0.5606889420915215,13.547501037064368,460.0,1.0207786523350308,0.853540897369,0.05245,43.113637794677715,51.83307882529027,91924.0
2.023608037640751,2.241037869591981,257.15801384872486,0.0,11.083569,11.083569,0.6349821226697008,12.602784712803187,413.0,3.5256056407083887,0.8137758970260001,0.04997,106.40329977246724,210.68171312617523,91963.0
0.6258793772676688,1.1512248207634264,32.55112801674616,3.0,9.51268,9.51268,0.5201177695956668,2.6725925457450486,73.0,0.2619348845938325,0.8734347224240001,0.02544,17.925260606436826,29.17366852814322,105600.0
0.8672552860145613,1.5916261316358944,40.258387231629754,3.0,8.868355000000001,8.868355000000001,0.7462276555993095,5.3105084238263345,208.0,0.2667312657772226,0.74670290947,0.025519999999999998,23.728553425027552,37.059588757706315,105962.0
1.0306205105440294,1.6809885194073062,97.2004369505235,3.0,10.082156,10.082156,0.6284767962275547,10.730365661946967,742.0,0.39704873246416494,0.817425012589,0.025960000000000004,34.17856293977353,76.7602542746857,106042.0
1.427987926787695,2.334432592836411,78.53832639979603,3.0,9.566431,9.566431,1.0113432110073162,8.955784909030674,264.0,0.3035680430495678,0.557135522366,0.03595,27.94255437753154,62.16848640574865,106331.0
0.4762424946081432,0.8012982465964652,60.66456938210646,3.0,10.157376,10.157376,0.4759787431590806,12.6087379157539,674.0,0.15466671792790607,0.8935564160349999,0.040080000000000005,24.471325183924602,49.385632985875425,106376.0
1.247510885733859,1.5473533937465085,70.82307364205623,2.0,10.516088499999999,10.516088499999999,0.729193611026755,17.815202109398818,735.0,1.335374612785467,0.757524132729,0.02567,53.59071219194415,73.34792644167831,106638.0
2.9516122987756037,4.8673512422858725,136.50191776081408,3.0,10.130558,10.130558,0.7775773143736553,4.982514456265303,208.0,0.8157609306428131,0.726297259331,0.02568,45.97654159519619,106.9122497810463,106717.0
1.0554578548507991,1.7022079768805043,105.40856889012726,3.0,9.903949,9.903949,0.901021959736264,10.008965198095346,497.0,0.5550182790757976,0.6403028964999999,0.030019999999999998,30.99521414810556,80.72289946365451,107214.0
1.1289052316110215,1.9283688381342832,40.129908527162364,3.0,8.830376,8.830376,0.8829063244774261,4.801774405110884,167.0,0.2269950316240693,0.653440415859,0.026160000000000003,19.77213488527947,34.58528729273323,107594.0
2.7600592948029514,4.188590281434768,285.6019541248388,0.5,10.810884,10.810884,0.6590580153066045,9.50185018985516,259.0,3.3858083549311693,0.800000011921,0.04724,97.39156850909441,224.20828645842883,136238.0
5.905565502432699,11.705952211040618,296.52669593599535,0.0,11.37,11.37,0.5313393331610216,10.407881843731818,362.0,3.4486088285099505,0.868064582348,0.04439,199.4157268995271,289.3625283899522,136602.0
2.5972694322689507,3.5319521302392207,126.46411608900728,0.0,10.75825,10.75825,0.5863227737689154,8.871456976331157,576.0,2.500392436200648,0.8402993083,0.027089999999999996,108.4741079486076,140.58171440245397,136842.0
3.7317897130078936,7.16670121813736,179.5076133429927,1.5,10.723096,10.723096,0.7926415442483294,4.029522315555702,113.0,2.6288851725822657,0.7162727117540001,0.027760000000000003,108.47914218968448,166.9707037604456,136847.0
0.7905715510592519,1.4974835604732055,34.22283181211182,3.0,8.420337,8.420337,0.6238523301448797,2.302244012192991,84.0,0.4251186951360264,0.819999933243,0.01904,22.594564403551093,33.107634303982884,137789.0
1.5909590530970206,2.5687476498916206,66.24740298288643,3.0,9.225882,9.225882,0.7954096881779054,7.035305700821816,225.0,0.23134695397363494,0.7144155502320001,0.0351,23.825727604952768,52.554966434142855,138066.0
0.3952021935438923,1.1198419094727294,24.32820513933717,3.0,9.18557,9.18557,1.1769914991085069,3.3472695486281965,92.0,0.2374558270295133,0.425840556622,0.01983,28.463438459376288,33.25805333421572,143814.0
1.2980508473725472,2.3000705685965435,46.11103151777128,3.0,9.303865,9.303865,1.17354540608846,3.5465335120075925,117.0,0.5170229529319923,0.428593814373,0.0183,21.01072603692511,38.78871256454861,144176.0
1.075943825875337,1.6554714641814443,65.87852270444185,3.0,9.72616,9.72616,0.4772759933195332,7.155679554537287,720.0,0.19645096136477647,0.892988085747,0.01926,18.983794394126466,50.30282622734331,144178.0
1.4056392382943252,2.790268684676442,65.97511245138597,3.0,10.093028,10.093028,1.3614751480245917,6.545612931677482,254.0,0.9582832076468862,0.28539794683499997,0.018340000000000002,42.11955007226429,62.85232079865064,144239.0
3.1983424537505165,5.89838483771122,123.2496256995982,2.5,10.263477,10.263477,0.9115930189803522,4.844613637635886,94.0,1.4964808740975657,0.632562279701,0.03542,57.62438589825615,104.47872973814655,144402.0
0.2157576808300184,0.38993903033589794,13.002942388628767,3.0,9.006086999999999,9.006086999999999,0.8737743232530426,2.505256948556483,783.0,0.1879441411799392,0.659999966621,0.0049700000000000005,31.715592915928763,33.02146407096315,144491.0
4.523589422957233,8.19009162498941,200.10720490092456,1.0,11.03587,11.03587,0.8888100195211263,10.692717630647959,92.0,5.192066886003041,0.649177074432,0.08226,181.6017070996155,230.21864987034573,144640.0
1.250764497160615,2.0864068643225515,61.80696668462828,3.0,9.344743,9.344743,0.9036267491248541,4.864238348252762,240.0,0.2735429081649323,0.638400554657,0.02164,24.124243721969805,49.92023337820422,145583.0
2.849154662000476,4.415069829548152,189.97360372714505,2.5,10.624880000000001,10.624880000000001,0.7410692805730718,12.914675358521393,300.0,1.6770836884732558,0.75,0.05811,49.255754106038495,143.07730207511497,176955.0
0.6404861301251603,1.2058979705674011,31.870533469192033,3.0,9.100584,9.100584,0.7294839956992866,5.299009835363129,231.0,0.35227422733871033,0.757341265678,0.0255,20.22446560090696,30.280265201079626,178481.0
0.35162953367766303,0.6582072101653568,19.569603169196874,3.0,8.238144,8.238144,1.0205320306177077,3.3243486109687295,116.0,0.2522461917325064,0.550000011921,0.01984,16.094369248402632,21.22530107216028,178578.0
1.7273434010931388,1.7563909958286614,132.31217300768338,2.0,10.728399000000001,10.728399000000001,0.990059109569254,12.686570114923793,651.0,2.6971211738818104,0.573555648327,0.028419999999999997,66.93951490390428,115.0397940652607,184368.0
0.2937122034668673,0.6506304725190649,16.192210920287973,3.0,9.634357000000001,9.634357000000001,0.4736648194354414,4.022715858343396,168.0,0.1734628090183176,0.894566655159,0.02556,16.567609687012794,20.13900538717707,184370.0
1.5240189693536559,2.9010958856020808,59.16219230379196,3.0,9.547275,9.547275,0.72525333247074,3.679136943100262,100.0,0.3834455900080102,0.759999930859,0.02835,30.63330433072668,51.850572159951604,184415.0
1.1091885847864815,1.7467143212714504,52.09185297040498,3.0,9.048079,9.048079,0.7743702775989135,3.160034944066109,133.0,0.4216157172999563,0.7284132838249999,0.02018,15.657160361260345,40.024083293978975,185190.0
4.1635844603576855,6.27086020685713,150.590355111814,2.0,10.121877,10.121877,0.5789937668757263,7.363101263156393,136.0,1.6313043927008064,0.8441375494,0.05192000000000001,32.85599494390296,111.4371748121106,185282.0
1.262841080239998,1.8700057480479275,82.66803286769814,3.0,9.183049,9.183049,0.4610383803268435,6.408288288574756,638.0,0.21721886131790955,0.899999976158,0.02001,17.97140492650911,61.15532048922617,185532.0
4.30273007362165,3.1986509224402218,164.56424717230084,2.0,10.800202,10.800202,0.8262348200103738,11.14499655556441,294.0,5.8014338771532215,0.6934265494349999,0.04836,123.7466390792634,169.86443538041308,197555.0
1.148588601752282,1.8101445910040843,61.38707576830699,3.0,9.618654,9.618654,0.8468654285156486,3.832146825692459,486.0,0.1161934599694733,0.679072856903,0.01165,19.631798965542547,47.6402567826351,198591.0
0.676953585920058,1.2564650703058051,39.973910972241946,3.0,9.300634,9.300634,1.2970592424672354,5.111614222005592,373.0,0.24402785278299086,0.331897318363,0.01167,22.589584499850535,36.18350600873622,198771.0
1.522262975116866,2.8436301642081916,59.916497868690946,3.0,9.709621,9.709621,1.1960093451115408,7.783707243873025,134.0,0.532052495576621,0.410670161247,0.03775,32.32585774444769,53.291222892130115,202354.0
2.6735809199008416,4.332736391999521,123.29867824332469,2.0,10.184922,10.184922,1.015363670563224,8.483213014601226,117.0,2.42095217464858,0.554016768932,0.051879999999999996,55.204334855511405,103.19302600037895,202443.0
2.70886190907374,4.262267748761777,134.75841950851904,2.5,10.575294,10.575294,0.9420088991367432,11.471668645088458,260.0,0.8101291743255514,0.6100000143050001,0.04989,37.6934673263618,102.47298811540779,202673.0
4.125529447989829,7.809556995176172,161.16284095440926,2.0,10.958199,10.958199,0.8096271538606252,8.15077333652946,86.0,3.848752265232932,0.7048044204709999,0.06982000000000001,103.59924207664345,154.0114723360019,203114.0
2.3815007959353958,3.680908652497756,123.61857544311545,3.0,9.957051,9.957051,0.5676418148814842,6.4122209018679746,175.0,0.6362841619512477,0.850000083447,0.03985,29.15895462822532,92.14673478915851,204096.0
1.1914575987582356,2.016742794807154,94.4756689715497,2.0,10.363828,10.363828,1.3115681177557392,6.5058137411245385,298.0,1.1662044177953133,0.321059405804,0.01743,62.30512059206417,91.3496254278176,204799.0
3.8771357723051554,7.379772757978323,162.54481575982675,1.0,10.564592999999999,10.564592999999999,0.9646488686156616,7.295345410412989,84.0,2.9350914815424862,0.592943310738,0.054970000000000005,81.61707314266242,140.96721318651623,204983.0
1.6622714489382533,2.4987069452796367,103.7605865037567,3.0,9.645551,9.645551,0.5276764170829727,7.51454064087985,310.0,0.3368911981305862,0.869828701019,0.03464,21.46066341804942,76.44403004907964,208520.0
1.4959595975325757,2.469176190400903,63.22024478306489,3.0,9.311194,9.311194,0.9756867887111472,7.4537854344723495,157.0,0.5079268135641595,0.584551870823,0.02922,24.124335736330448,50.797472869568146,208892.0
2.3389032832797736,4.095028432445677,109.89946093071373,3.0,10.245652,10.245652,0.6753266707890341,8.252541475012551,130.0,1.0220883723900658,0.790453791618,0.05811,46.130379940146504,90.37122169060795,209181.0
7.4312412110543455,12.95519268523998,368.8559537952723,0.0,11.120951,11.120951,0.5273196518652418,9.733707604940566,238.0,2.342894343318796,0.8699999451639999,0.052879999999999996,173.16176799047642,313.06924987723977,209680.0
5.121018414174147,9.109003912129417,203.5499479656879,2.0,10.851552,10.851552,0.9869040572510772,9.98848442386101,155.0,4.070911009411258,0.575976133347,0.05313,102.80478248926914,176.8759846929002,209701.0
2.0372429579188056,3.604654452284242,112.97079466242536,3.0,10.166096000000001,10.166096000000001,1.0323050438446133,7.751315846776961,153.0,0.7253344271198983,0.540819764137,0.04061,44.25474423317704,91.3218627190327,209743.0
2.4601838956553097,4.076822471174894,110.26313696835184,3.0,10.227172,10.227172,0.6590580153066045,8.090859600794362,140.0,1.6096532642329475,0.800000011921,0.05538,39.03329775893153,87.19276358155054,210781.0
1.3130558073046,2.114119282070304,60.31291362402956,3.0,9.426083,9.426083,1.3214427520183325,4.314442383102995,253.0,0.2571750643956761,0.313788473606,0.01277,20.479568989559176,47.31000444840329,214182.0
2.962759356740128,4.9412015901478465,150.11000864097954,1.5,10.542709,10.542709,1.1567204543932743,7.072447375906424,156.0,1.0238015061743295,0.442046970129,0.03333,55.08484053509408,119.58614887968514,214184.0
0.5232832618000534,0.7029918962395152,25.955205296220413,3.0,8.154753999999999,8.154753999999999,0.7566322826056032,2.103894207818978,116.0,0.4622341274192352,0.7400000095370001,0.013880000000000002,18.687644419295804,26.19283098342964,214245.0
1.8253561245032701,3.1027240772425766,80.21113772550578,3.0,9.734322,9.734322,1.0205320306177077,9.744305479062387,119.0,0.6169255775461107,0.550000011921,0.05831,32.70020975669559,65.46920669858402,214860.0
3.6198247868285742,6.082061980667275,181.61540430031087,2.0,10.80896,10.80896,0.8509503427279813,9.889831744665361,192.0,4.330867920327623,0.676202654839,0.05312000000000001,114.20438223346468,171.85668000083672,215579.0
1.5829566543508695,2.5675665905310976,65.96190436951697,3.0,9.242297,9.242297,0.6543835493100558,6.867133925443852,368.0,0.23679540537165186,0.802707731724,0.02375,26.07689134108796,53.43679140855632,216843.0
4.908419708430781,2.916482503538204,119.10072447057756,2.0,11.065605999999999,11.065605999999999,1.3183665067202694,9.270989194983228,360.0,5.652788068365756,0.316043764353,0.02085,130.6866347647506,155.47182314118382,220326.0
1.4079305946944585,2.331535803940126,48.33974645664277,3.0,9.390654,9.390654,0.8597341837794436,4.417714139115542,242.0,0.2504719298592331,0.670000016689,0.02019,20.479544888491688,39.84692337666736,220371.0
0.4489524391800197,1.0241727215557144,25.871970701938192,3.0,9.096394,9.096394,0.32307065578199057,2.74257859758183,118.0,0.21815674106475727,0.950388491154,0.0213,22.99300872123275,29.382952269226784,220372.0
1.9638744565461503,3.0798069517757183,90.656140203831,3.0,9.553991,9.553991,0.5668822174351895,3.8433884416647843,249.0,0.2795008910064567,0.850388765335,0.0195,26.59772755055119,69.40249987703382,220439.0
0.33449000308101023,0.5491394540465774,24.24509721903632,3.0,9.205978,9.205978,1.1790805719107156,3.771276216094448,556.0,0.2744373596930893,0.42417201399800003,0.00703,15.272669915208931,22.960113586809396,220687.0
0.8373927647005076,1.3865827124176309,39.485112709323495,3.0,8.591629,8.591629,0.6238523301448797,3.3687936367054125,116.0,0.5073978186118356,0.819999933243,0.020919999999999998,15.489863556257221,31.929186269390826,220750.0
0.2651724534452462,0.25996057726493593,16.535431556430098,3.0,9.009944,9.009944,1.5707963267948966,2.302619512289169,229.0,0.2523555412652672,0.2,0.00534,19.543867696276752,22.774393798919483,221194.0
1.12570199801725,2.104376775518561,70.45819513850256,3.0,9.7968,9.7968,1.153158278660133,6.358473051711574,180.0,0.6315555801898803,0.44489657878899996,0.027839999999999997,33.89385736670178,60.257548890425156,221375.0
1.319251078993933,2.589323587175524,61.455806920953094,3.0,9.437019,9.437019,1.0333538416896535,5.971540227849656,124.0,0.4923212182248778,0.539999961853,0.03472,35.1888143269592,55.916551716731796,227036.0
9.125312440270962,13.879637264846592,484.31555602463334,0.0,10.955364,10.955364,0.4036399984782117,7.3373303642297305,540.0,5.346483284655927,0.922986268997,0.02497,128.71897093581944,365.85427752385397,227266.0
1.0785091127351232,2.0049771864708528,51.46696549234684,2.5,9.508476,9.508476,1.170696073130398,5.151432360056708,139.0,0.36546412881164575,0.430871009827,0.02478,32.342797227850944,48.687583643235904,227351.0
2.4960404462333687,5.036882597750185,138.67385044642228,2.0,10.746642,10.746642,1.2044655399512982,11.80144124683367,161.0,0.9500088006371082,0.403942465782,0.05341,87.43382644362984,131.37690971168846,227607.0
2.9063479265389085,4.860064723995533,136.66627970127752,2.5,10.331389999999999,10.331389999999999,0.5183600636038941,8.91850386686481,190.0,1.2298603182048535,0.8742666244509999,0.05435,48.78023818295894,108.25131703993308,227618.0
0.6412649315552555,1.1548130948475512,40.19479412702138,3.0,9.180146,9.180146,0.6281448312413047,6.108063455391909,327.0,0.15662962145252907,0.8176103830339999,0.025730000000000003,21.186399112417952,35.44960147600365,227673.0
2.30360091735445,3.687526272568492,147.01679181758058,3.0,10.139448,10.139448,0.6238522227642269,8.004015230651262,148.0,1.1412506762419572,0.8199999928470001,0.054060000000000004,39.788671786811854,111.31085724548866,227970.0
1.2683471258880483,1.1289812513186048,51.10383768916274,2.0,11.00698,11.00698,0.477365940156271,15.409607597805282,709.0,1.5020989948540229,0.892948627472,0.03882,50.261239653264106,61.903096245365575,228105.0
5.636240714209095,8.268751029304285,177.9621214225994,2.0,10.701111000000001,10.701111000000001,0.7563123832678883,4.373490596182741,120.0,5.253424863517262,0.740207135677,0.030060000000000003,153.26310240055417,198.3049088854302,228564.0
2.872575651827868,4.9924110646388735,193.24497490822984,2.0,10.612229,10.612229,0.7953094172863089,6.2782328815501165,153.0,2.7027840476881084,0.7144829034810001,0.03803,79.79476684737173,158.2372111099902,229163.0
1.0179732112652051,1.5428101446200568,67.9851464246505,3.0,9.518667,9.518667,0.42962318997689625,4.20497962526792,355.0,0.3626580903714801,0.9129315614700001,0.018430000000000002,18.56262420522047,51.53213642548522,230560.0
1.4174785162683954,2.317587438537468,90.74806716358742,2.5,10.145643,10.145643,1.2626456574266198,8.682546772970447,321.0,0.3580975411913049,0.358203113079,0.02436,31.44278879193209,71.45806332372533,230714.0
7.007902006411599,5.627107823981528,229.6235404930133,2.0,10.769747,10.769747,0.7000563875221358,10.392966599116319,232.0,9.182085341917327,0.775584220886,0.054110000000000005,197.93783512962358,256.0134210350608,238358.0
2.1382941058087592,3.5120520854484987,85.38947370155957,3.0,9.856735,9.856735,0.4826472725627269,4.445986305208897,215.0,0.20069886490043512,0.8906199336049999,0.02505,35.076914748912394,69.82886980194606,238395.0
1.8455869943413623,3.4560570122378613,118.97100518516714,3.0,10.4686985,10.4686985,0.938856742162875,12.441579944633668,239.0,1.1153295198538098,0.6123575568199999,0.05583,52.8888522894551,99.36941548525046,238406.0
7.793840377746532,3.971730366136514,104.9132221645938,0.0,10.7396755,10.7396755,0.5478072981345121,4.925626249900129,231.0,8.285875083578766,0.8600000143050001,0.0262,183.85536283354716,198.2578788727802,238922.0
4.949276263163245,8.726436876639736,231.62063608841945,2.0,11.13893,11.13893,1.0467432082218615,13.844872763527311,121.0,4.618016630985898,0.5295071601870001,0.08532000000000001,109.97522497870831,197.2780009025829,239109.0
2.422771109076237,3.6346755918145734,86.3110897863018,3.0,9.140753,9.140753,0.3556607948162122,5.715408001301469,213.0,0.5640867742541162,0.939999938011,0.029660000000000002,21.249762650119454,64.62472067820438,239490.0
1.044649196602088,1.9020572998078238,46.69382575330484,3.0,9.029897,9.029897,0.8427341128067095,1.5045774599803567,280.0,0.21335948919194986,0.681966304779,0.00633,23.47537624214849,40.51234344555282,240108.0
0.5518345508875284,0.7057128533700457,19.623334697028454,3.0,8.304655,8.304655,0.5160898587814012,1.7566184246577914,687.0,0.5248762580137416,0.875337362289,0.00488,20.367434046980684,24.64487780399628,240202.0
2.3108975452931144,3.4874444622081966,147.26261247608542,2.5,10.146114,10.146114,0.460170610899495,8.619627455350303,443.0,0.7281522541133911,0.900368452072,0.033760000000000005,32.31280184748695,109.02869200295771,240227.0
1.524672690357307,2.43122062093153,62.53751966679933,3.0,9.408258,9.408258,0.7608073810107661,5.835516664069555,203.0,0.3559970890756441,0.7372907400130001,0.030260000000000002,20.647397219544157,48.80354182822489,251297.0
4.296691841002813,7.004602555139776,259.1545935432459,2.0,11.370809,11.370809,0.9597130892055056,22.705821896143693,393.0,3.9066633822867898,0.596679985523,0.07848,104.4164673693482,210.9107639149236,251887.0
1.2556281600319523,2.177817963479575,49.29050272099495,3.0,9.329123,9.329123,1.3817726572612417,6.098608223390416,67.0,0.6862388336877451,0.271834820509,0.03438,21.45330179148981,40.92702025558353,252091.0
1.2724991748983028,1.9656024914019496,65.69308080847729,3.0,9.4833145,9.4833145,1.0947748168334144,5.92867432183995,299.0,0.2124659686079579,0.491518437862,0.02083,20.21896369308879,50.661592216165154,273296.0
1.3038264023976922,1.9793258150292,54.86995413972529,3.0,9.256772,9.256772,0.4917900299942006,5.072033864964722,325.0,0.4206909957770149,0.886533677578,0.02011,17.107428021800033,42.40306624725206,273309.0
2.5981755911356355,4.733577623880441,118.29618696043815,2.0,10.519971,10.519971,1.300425169073449,8.548893583995127,224.0,1.8332383239427343,0.32936778664599997,0.028789999999999996,63.480296599106296,105.00829481998063,278390.0
0.8653072653859879,1.4939473254171585,31.973097488800217,3.0,9.162389,9.162389,1.0076445487844303,4.076096821065199,43.0,0.7356529561039736,0.5600000023839999,0.041139999999999996,20.254221054090745,30.354125782537928,278787.0
1.216277529893696,2.5832020764920847,52.24909552428774,3.0,9.52846,9.52846,1.1170640324457863,5.2126564744059305,60.0,0.6931400666074463,0.473753273487,0.04166,31.109833825153327,48.29912786150207,278812.0
3.2360242841604068,5.875132941751164,136.17943565501812,0.5,10.431986,10.431986,0.6610964379362144,4.2718849114652295,64.0,2.645331824117287,0.798814296722,0.04172,58.47297687397539,112.65659488979804,278840.0
0.6810995819519152,1.148669622129032,43.43431678811664,3.0,9.507344999999999,9.507344999999999,0.33168215331642903,7.9034099512494755,524.0,0.10086930957142466,0.947736263275,0.027219999999999998,19.355996980527404,36.30323066251021,279818.0
2.3928497296266147,3.022007398797549,72.66628160858981,0.5,10.331046,10.331046,0.8633850169539141,3.0794418875536445,152.0,2.7428760757772404,0.667409777641,0.01768,119.30387925855757,129.8984597581893,279905.0
0.5481128825679081,0.9762933991563202,38.564957359780436,3.0,9.2400465,9.2400465,0.8572437133551192,6.114250739376656,520.0,0.10309906803467872,0.671762883663,0.01794,21.187946462551192,34.533419225161836,279917.0
0.5330976797438554,0.8568361207377593,74.26419497627266,3.0,9.922582,9.922582,0.4518644361977166,9.221993505295746,711.0,0.4162295870282991,0.9038631916050001,0.02045,36.76588722094096,64.10394520526697,288364.0
4.3841129296600165,5.456000841193402,328.40037019945413,0.5,11.188527,11.188527,0.8863862768354807,9.899104700278954,658.0,6.273663869322982,0.650929510593,0.02343,129.4764181252902,265.8712929673383,289096.0
22.339052168549735,12.9602092968127,322.8579633478968,1.5,10.722371,10.722371,0.9907041621582394,6.042071695936621,277.0,24.408040664722968,0.573060333729,0.01876,541.0653316854718,587.2566094991913,289097.0
0.7545512533237646,1.248301288348187,74.80502135955903,3.0,9.785606,9.785606,0.8642424831423311,5.61533094529465,498.0,0.25170621514904024,0.666800379753,0.01722,27.097502299835483,59.432064083217156,289107.0
2.7440993182154316,5.669153599957586,134.9938631977123,1.0,10.552532000000001,10.552532000000001,0.9647153871040594,4.313049182113684,148.0,1.739453808498323,0.592892885208,0.02389,115.40015279897264,149.76270168686045,289113.0
0.5091012036935182,0.29568809306680177,12.515604970067724,3.0,7.5014167,7.5014167,0.8455430943882991,1.2293259732229793,174.0,0.5718674129046553,0.6800000071529999,0.0063,23.129171398296698,24.76446553946154,290396.0
0.8843466050383778,1.5814832186750638,42.35824722229421,3.0,9.492576,9.492576,0.7560509571201925,7.464085146887333,463.0,0.2129970363209551,0.740376353264,0.02512,22.647641020952282,37.55031554709518,296599.0
1.2755606950674614,2.1656369263550426,46.00981731743103,3.0,9.021742999999999,9.021742999999999,1.096683208634313,5.127196799348319,144.0,0.3814428174765873,0.49000000953699996,0.02567,19.615773623452693,37.98986996079653,296847.0
2.2772032308624186,3.748144221789393,131.53204203681003,2.5,10.430287,10.430287,0.7491523304208889,9.966126018925621,200.0,1.267801702062639,0.7448258399959999,0.054979999999999994,43.54144006843798,102.69467388535763,297633.0
1.412565322384277,2.345896649293123,70.47050653953949,3.0,9.571506,9.571506,1.1467789727486182,7.2189958664341445,164.0,0.40895424509763056,0.449999988079,0.03317,23.862763901339093,55.249232094036294,298612.0
1.6940367210854843,2.8992448369109938,88.05585898256456,2.5,10.165906,10.165906,1.2009293068144364,7.420793765430644,217.0,0.38631762537976455,0.406754255295,0.027999999999999997,37.288675967758216,72.57659750916349,298666.0
2.4867978926493706,4.0274430772025,120.21736056122771,3.0,10.027334,10.027334,0.8623483434903951,7.600673289833034,128.0,1.2898260149091605,0.668146014214,0.04941,44.82514951506137,96.10099333098341,298738.0
2.9242226697768943,5.426453309289578,147.60281976690345,1.0,10.323404,10.323404,0.8166684746207227,4.2856314010525205,52.0,2.9428517599437294,0.700000047684,0.043769999999999996,63.54669292862285,122.19442861168088,300787.0
0.7667243588031439,1.200491844153642,44.83747238025616,3.0,9.0215845,9.0215845,1.1776155879149033,5.441835265586805,437.0,0.16867752620725707,0.425342053175,0.013380000000000001,15.23832974628994,35.17678436386393,300887.0
2.372044143693589,5.097851308239581,116.76231783020211,2.5,10.614702000000001,10.614702000000001,0.6571072940483083,9.040873365096504,154.0,1.5314942382351755,0.8011319041249999,0.05855,98.01934683705963,128.15815146491602,301381.0
2.9662086514805175,4.469054442010973,169.806383650367,3.0,10.595951,10.595951,0.9281414583946812,16.379799024911712,388.0,0.7862726380779416,0.620338857174,0.056929999999999994,34.64122380076797,124.96846942578242,301885.0
2.07775054277983,3.5807437480073334,87.08073071774011,3.0,9.805159,9.805159,1.045520386434348,4.132441179416479,95.0,0.7646064317895767,0.530467450619,0.027219999999999998,33.873054459612796,70.27738362796154,302846.0
1.020581415701717,1.6479750513119966,48.84326893528204,3.0,8.759808999999999,8.759808999999999,0.6947593890294734,4.126269035914079,306.0,0.14170367558804525,0.778805136681,0.017830000000000002,19.43049348557652,39.6279766987311,318936.0
6.940956040604363,8.384275028760973,195.40112497303272,1.5,11.21621,11.21621,1.0299236468316677,15.392742326192613,159.0,7.447591200078748,0.542680025101,0.08217999999999999,199.5893187346351,242.74821518050166,319299.0
1.0066251441716931,2.497549712926173,70.22677036987106,1.0,9.707484,9.707484,1.0722127269784332,1.001203661038479,109.0,1.255825723360559,0.509422957897,0.00576,63.44617299474474,80.56870674132966,321059.0
0.28766619577181696,0.7349372545967269,21.31012373854012,3.0,9.73552,9.73552,0.5011289106506481,5.6452239628867895,224.0,0.28247700519441155,0.882288217545,0.03096,25.568456602276804,29.67838708384365,322910.0
3.7090842956084917,5.498630972402009,385.0077586891073,2.0,10.951705,10.951705,0.4648408966514119,17.394691708089237,528.0,1.422577885068541,0.898377835751,0.06287999999999999,67.13231783625095,280.39656778119155,323504.0
1.8007200721539844,2.842483088300775,160.44512793469764,2.5,10.482363000000001,10.482363000000001,0.6235178714924037,10.150837619639997,393.0,1.059740751230562,0.820185542107,0.04093,42.61888802884453,121.192776830164,323855.0
0.5450621536482977,0.9594413446286744,21.362930303615414,3.0,8.617481,8.617481,1.2094291953787093,3.602462809439134,112.0,0.3137043179213089,0.40000000596,0.016630000000000002,12.709013710982756,19.74098338696714,324865.0
4.876888198003076,8.792997993792557,244.73313055853126,2.0,10.994728,10.994728,0.6729729254461139,7.697721184424066,127.0,4.695665028215696,0.791846632957,0.05535,129.93705120839675,216.40422794673646,325007.0
2.203245293584164,3.713209851855662,104.05797726383848,2.5,10.118468,10.118468,1.0461157307685447,8.657576712895482,117.0,1.0420384911429317,0.52999997139,0.052570000000000006,35.315566550251546,81.61630080373656,325533.0
1.7886815876087607,4.120685135838423,96.32649570043372,1.5,10.271184,10.271184,0.7417592491665532,5.03638417976261,222.0,1.0396972673313087,0.749559998512,0.025509999999999998,83.8051144176033,107.99395394886892,345754.0
3.185612348034869,5.648578406160931,149.88088892871346,2.0,10.151439,10.151439,1.046389338544894,9.02239275870127,112.0,0.9090438598449212,0.529785096645,0.05644,66.74851788957412,125.2497707522272,346752.0
2.5986864741342184,4.617601554303046,104.17507323061231,3.0,10.298948,10.298948,1.171261778590429,9.268669145834348,96.0,0.9211676223826022,0.43041884899099997,0.05619,44.35135021957244,85.98409857410198,346793.0
2.6751802570455587,4.228657924065495,111.99085341177036,3.0,9.541773,9.541773,0.6056113561549069,7.317062873361708,122.0,0.7407165683140838,0.8300000429150001,0.055229999999999994,31.47300684514225,85.2145866845735,346861.0
2.66804710006234,4.470243122017116,125.49361549727494,2.0,10.280856,10.280856,0.5482324174994789,6.976128391329917,100.0,1.2513888279287977,0.859788954258,0.0584,43.560162689577645,98.85247361007929,346892.0
1.7740798624519496,3.0859677789736897,66.20168442755366,3.0,9.384516,9.384516,1.020531954004077,3.9787301978856395,97.0,0.5591462499984007,0.550000071526,0.02599,27.15943750606433,54.11992753292002,347263.0
6.250741021976662,9.305167397080195,228.30251269471532,2.0,11.146048,11.146048,0.8695867683746074,15.781014127625708,187.0,6.741099103911374,0.662993431091,0.08879,159.29848325196068,226.79732233369842,348118.0
4.653984507047096,8.422513238304603,207.75231346769303,0.5,10.887172,10.887172,0.7719590162793476,11.951491716107768,127.0,4.3004607127437335,0.7300000190729999,0.0852,115.38354906648674,186.7990237414737,370997.0
3.200740791663192,3.711532588821697,80.4676142806028,2.0,10.743963,10.743963,0.5488714117677612,6.468328559195101,179.0,3.2449536386470377,0.859471440315,0.03967,73.66249611708194,93.07890098301037,371170.0
1.0818506698812071,2.099512793174894,85.32682039181786,2.0,10.877367999999999,10.877367999999999,0.7072364161261612,10.810236879400906,659.0,0.7621685944032245,0.77118742466,0.028810000000000002,70.73857906993037,92.97461862208182,371633.0
1.0397254168215564,1.9476498000262688,45.68699187136976,3.0,10.607156,10.607156,0.6153701927654457,12.8952111742226,111.0,0.6350817555354291,0.824681222439,0.1065,25.540123696655268,41.18189567719965,375376.0
4.80077445539508,8.666069833207713,215.4510235161677,2.0,11.030586,11.030586,0.9284344571373184,8.88114905050939,146.0,4.914134730565612,0.62012130022,0.05147,124.02120862744242,196.44549360189896,376121.0
1.7378352209445598,2.7090207240948123,54.97082887407688,3.0,9.494015,9.494015,0.7497496312836567,9.99170841222731,189.0,0.2763133590930807,0.74444180727,0.038689999999999995,18.89960372306656,43.22141869999727,376282.0
1.8968446790490556,3.1257349158636174,120.877879134298,3.0,10.433893,10.433893,0.7829199934982783,11.566421265203033,297.0,0.6568898399484328,0.7227579355239999,0.05126,39.41641443963472,94.12430376518078,376478.0
4.7080189801031205,6.8239695613881866,142.23392524739901,2.0,11.085173,11.085173,0.5669961960364069,14.581595155702532,144.0,5.648839405622961,0.8503304719920001,0.10690999999999999,124.80328617876438,160.28445023351426,376679.0
5.6887377679526585,8.575413639339788,334.31411646305196,0.0,11.062804,11.062804,0.6602117354649951,18.739867855685507,545.0,5.367658257235352,0.799329280853,0.05055,148.81888909580417,279.3385508392009,381206.0
1.9750203983527552,3.746555261863332,88.00890360151554,3.0,10.153648,10.153648,1.0954049442915026,7.053930454384942,78.0,1.1237216396537268,0.491017132998,0.05032,45.420464506832246,77.04415716059742,381225.0
4.5868362686915605,7.965231242998732,257.1939577204185,1.0,10.88307,10.88307,1.0149117375480765,6.996565832283117,64.0,5.792091506856631,0.554367601871,0.058170000000000006,131.75150581924987,224.57253890354903,381979.0
1.154392176537213,2.3316055991718354,49.80801009133051,3.0,8.911528,8.911528,0.8397749627302048,2.466249371356627,196.0,0.4901972235531498,0.684032976627,0.01252,36.97420670185544,51.06379241557145,382764.0
0.7209371449665998,1.0558068050465992,23.604419494487253,3.0,8.193559,8.193559,0.4352646226801827,2.0940164524679408,375.0,0.6388753537996078,0.9106714725489999,0.0062,18.767753390335574,25.115988476592303,386286.0
3.2582583110194183,6.459686867602709,182.99141223841198,2.0,10.780063,10.780063,1.0388550669732286,8.384710616274418,92.0,2.501205523170296,0.535694777966,0.058370000000000005,98.85006826735344,162.83201304708064,386720.0
2.948109755140061,4.501860388486153,169.47226048070328,2.5,10.425548,10.425548,0.6008311337422488,13.697495513704256,374.0,1.0379903210235344,0.8325790166850001,0.05372999999999999,37.29720519224442,125.50500010506376,386898.0
2.9186412831977764,6.020399011809137,132.68244896577914,2.0,10.628283,10.628283,1.275776021839814,8.368067539567594,75.0,3.29611177547777,0.34807947278000007,0.0512,151.25004385744953,177.98565082235902,417441.0
3.409356170226072,5.677416162811588,130.15263369410454,2.5,10.006813000000001,10.006813000000001,0.7842673836192551,7.0604649858954325,102.0,1.639556514060021,0.72186255455,0.05467,45.204895173528506,102.53456283812584,418624.0
1.3996353988342476,2.4689348871989583,56.4629919140264,3.0,9.507318,9.507318,1.2732753731346214,7.271040387355602,146.0,0.3441368329337681,0.34999999404,0.03138,26.439846599988538,47.88632598323482,422320.0
1.9626176573302143,3.2272713336702115,72.05589797699163,3.0,9.618725,9.618725,1.0578622435914482,6.625049200132613,213.0,0.26503452262268323,0.520757913589,0.02862,27.687525883303852,57.9881479802031,422366.0
1.2530885534788636,1.8986280908455837,67.9389415721836,3.0,9.655852000000001,9.655852000000001,0.4639177325352774,6.609222414133606,341.0,0.33054347826481706,0.898772776127,0.0288,18.155736472399248,51.35640814766445,422619.0
4.583874281754238,7.041080660900084,237.88518162616865,2.0,10.617328,10.617328,0.6927862310283057,7.749904967161933,437.0,1.741109160844249,0.77999997139,0.0285,74.61476373333241,184.01641988050582,422649.0
2.7291093404215374,5.002842735434276,100.8525320832858,2.0,10.113515,10.113515,0.8861846148754008,4.992438074799506,148.0,0.5335244802498127,0.651075184345,0.02888,54.7060103513453,89.87972064023451,422933.0
1.8685132144119858,2.9807706592139667,194.82162226424416,2.0,10.763924000000001,10.763924000000001,0.8138599928520672,9.714549008087088,640.0,1.3647511213986363,0.701919794083,0.02508,65.35848262089505,152.4777475612155,460374.0
2.9337622818368705,5.066076331320532,116.30688526707529,2.5,10.179561999999999,10.179561999999999,0.6842567357936782,7.409667714314048,125.0,1.7250413750303517,0.785133719444,0.05335,48.291575392153476,95.37149487200224,463119.0
0.9913184644109228,1.6968049919879613,85.43845013917695,3.0,9.73198,9.73198,0.4397683636879261,6.682047179541606,489.0,0.2799034143388415,0.908847570419,0.02469,35.898649637214454,70.27501282011829,463288.0
2.1538548556821464,3.9716889729630593,116.39657194231293,3.0,10.379052,10.379052,1.0096154341969166,9.095193385591342,125.0,1.2632412012232188,0.558474183083,0.054560000000000004,52.261650519425565,97.49544140612724,463367.0
3.3675869134484957,5.952345962488001,195.4884455311047,2.0,10.872425999999999,10.872425999999999,0.8245029906670809,10.021692344411221,225.0,1.7468597152991712,0.6946204900740001,0.04993,78.45870606908878,158.94538283989098,463668.0
2.9792341991265805,4.722417111644937,160.13577516619125,1.5,10.208273,10.208273,0.5868910264063377,9.645891449086978,204.0,1.2851068110924633,0.8399999737739999,0.05608,46.04607931648247,122.23737016337627,485504.0
3.729455837913761,6.180200213908307,169.0506106965571,2.5,10.697764,10.697764,0.9939317031755358,8.294877926345718,102.0,2.6712845251454063,0.570579767227,0.056139999999999995,57.53785141900455,132.66370579158,485834.0
2.4152016451189233,3.6401288172792343,139.10927245446402,3.0,10.244698,10.244698,0.5060977621724422,9.796008725048852,230.0,0.3794976590865721,0.8800000548360001,0.054970000000000005,29.8522003249918,102.79517841634691,485885.0
3.1679120718314846,6.106480529626428,135.69796438692006,2.0,10.285814,10.285814,0.821824795499262,8.876070984846308,163.0,1.7907535613358854,0.696463465691,0.05189,65.32577816850137,116.07939551314506,485919.0
4.341190411696232,6.626944606274577,159.97099139445558,2.0,10.385614,10.385614,0.3488588727935283,5.6242939809224195,88.0,1.6987497831698246,0.942246794701,0.051739999999999994,36.93366340233067,118.99350627735598,485924.0
5.101996176327055,8.203302764719496,168.34342710748885,2.0,10.317696,10.317696,0.5868909133008088,7.624091876595359,126.0,1.9122647631284615,0.840000033379,0.05656,52.65099815810856,130.16098621396642,486275.0
4.289785371645362,7.527315549128217,165.6529327777939,2.0,10.428656,10.428656,1.0149690208293372,8.091334208705204,158.0,3.191730901661632,0.554323136806,0.04283,77.50973454186907,140.45713231336157,486872.0
1.6955858952200549,2.530851710551795,190.56148465868912,2.0,10.533024000000001,10.533024000000001,0.5576280967712953,19.210634153403085,395.0,2.0960945201831316,0.8550875782969999,0.08337,45.731577670975476,142.29622944385548,486957.0
1.3701177880629896,2.3757410827540983,100.21859501452214,3.0,10.119017999999999,10.119017999999999,0.9896526491390204,6.311122134415619,248.0,0.7533473723225054,0.5738676786420001,0.026489999999999996,43.269472704530536,83.03090184666497,487027.0
4.488178984673193,8.273496733231505,177.3288105029214,1.0,10.643586,10.643586,1.0231210105284885,4.698778190952067,110.0,1.7449295985787847,0.547984778881,0.02915,77.80003543403376,147.5655753579655,491457.0
0.6276420105997708,1.2142155589323669,30.087589430983304,3.0,8.970089,8.970089,0.8510811054999206,2.60747811038905,117.0,0.174835120541934,0.676110625267,0.01719,17.900815028078913,27.804148926971397,491743.0
4.172138072269874,6.606025718847822,167.98200894047227,2.5,10.846214,10.846214,1.1715492656788673,9.970875255493477,185.0,1.053901460406033,0.430189073086,0.042789999999999995,55.99581786825803,131.31835089801262,493832.0
0.18093812541278856,0.41360513076056216,15.225061989315481,3.0,9.482672,9.482672,1.5707963267948966,5.70742559931681,570.0,0.12847865457514468,0.2,0.00517,18.09483525553269,21.055268205703737,496978.0
2.555485425844274,4.085567270310484,128.66594393097384,2.5,10.146986,10.146986,0.5662813439116807,6.773508940937795,107.0,1.7702552670381984,0.85069590807,0.05396,37.13106587833628,98.26585682262993,504882.0
2.5620393135350192,3.5387910290465654,286.69013422752215,2.0,10.923744000000001,10.923744000000001,0.7053658467180081,11.1715436508379,400.0,3.91581782907973,0.7723363041879999,0.04281,102.7050159116372,227.25302379749974,505788.0
8.969294379372725,15.347824656494009,315.13983013788584,0.5,11.053643,11.053643,0.6969509526439777,9.478057632998024,182.0,3.1077082506384963,0.777474880219,0.05559,121.69717528521014,253.9030498872885,508180.0
3.156194167881959,5.80113392428111,163.8193671985428,2.0,10.801145,10.801145,0.5746538291547323,10.52737635479633,263.0,1.5414240689332468,0.846390724182,0.05392,84.3911654038547,143.318740340844,508351.0
1.0125053912679591,2.0673176507414097,54.11359181995611,3.0,9.615611999999999,9.615611999999999,0.5478072981345121,3.731475730318463,75.0,0.4345650444799766,0.8600000143050001,0.035910000000000004,32.67231706837445,50.31521352876089,508480.0
2.592449822634917,3.955466586510827,117.18468725320915,3.0,10.02237,10.02237,0.4601745446517468,7.59189403305479,135.0,0.9762880464572156,0.900366783142,0.05615,30.305556680833035,88.23010953779556,508481.0
11.284827201599276,17.379308951918574,369.58347932315735,0.5,10.57041,10.57041,0.3173522295923198,5.942361979938326,87.0,1.964387887378081,0.9521126747130001,0.05641,89.298440770667,276.1705734113931,508593.0
1.9077180505362883,3.365009506614925,83.75647150505709,0.5,10.5521555,10.5521555,0.3702300450532037,7.292924008710969,125.0,1.283836586406541,0.9350486397740001,0.056720000000000007,46.11979644717018,75.06403189155998,508632.0
1.937904905321663,2.9096622884050296,97.16800966155638,3.0,9.275210000000001,9.275210000000001,0.3845463875176755,5.901155209609585,258.0,0.2436459234652519,0.930000066757,0.02995,22.083916078541915,72.17001039322523,508680.0
1.420053952875739,2.1459750308070342,96.52380338559394,3.0,9.987719,9.987719,0.5673219390128309,12.39236816685763,538.0,0.2766175126626842,0.850163817406,0.04297,22.903830813022005,71.99310922527191,509852.0
0.5272601498886075,1.392199868713065,28.54386087701189,2.5,9.407563,9.407563,1.2796421393145438,1.5802936319001555,79.0,0.21584237319790706,0.345117688179,0.00881,32.1357337984702,37.94840423060296,511863.0
2.444073864491389,4.42940325511679,166.8082288496705,2.5,10.689131,10.689131,0.9030710924303698,10.113496904603105,174.0,1.6624906686741154,0.638806641102,0.055020000000000006,70.76648273095822,137.55140015315376,511867.0
5.236756739630317,10.346188804453657,211.106303723668,1.0,10.858778,10.858778,0.7089624233293493,7.618497327167936,119.0,3.6216130612657023,0.770125210285,0.05524,124.53954826751357,194.4043076133117,511892.0
1.7207044912062799,1.6769615594712457,134.93310876069532,2.0,10.575347,10.575347,1.2401047331165822,6.528519153963493,95.0,2.3190964066260378,0.37578073144,0.0363,118.77080272357195,152.34820477942782,512170.0
1.0214108165963438,2.5483458833864145,53.07047188637292,1.5,10.245269,10.245269,0.9046014472847648,7.58618380712246,102.0,1.0473206347145525,0.637687861919,0.054720000000000005,68.37224733276875,77.99360036858441,512197.0
1.0067770370172158,1.8757685997651847,39.7115209907735,3.0,9.275478999999999,9.275478999999999,1.2845402147311924,8.481302474372958,209.0,0.19571932229606506,0.34137886762599995,0.02937,25.11575830911829,37.67364815281852,513066.0
2.388833621617076,3.9516741849301047,130.9143614443058,2.5,10.483365,10.483365,0.7870648796424303,9.672897646109124,220.0,1.016267181194188,0.719999969006,0.04978,44.72794063826568,102.80989101212678,514029.0
0.22071884065441288,0.4027830151921579,19.248759494608194,3.0,9.329766000000001,9.329766000000001,0.9365201710525144,5.982938130814471,305.0,0.2148286069865583,0.6141023039819999,0.01686,19.62475261232888,23.882803146526662,514260.0
2.2559463039241563,3.615594639103034,104.30788269917605,3.0,10.153067,10.153067,0.7406649983187553,10.025724940000813,238.0,0.4932311871684599,0.750257670879,0.05081,32.974973727436925,80.79242593781727,517070.0
2.1020983347718296,3.171711824517625,74.61877197402194,3.0,9.234492999999999,9.234492999999999,0.4657272311048005,6.778542623678619,379.0,1.1072365079119977,0.8979979753489999,0.02805,28.74077456266703,60.08338112920735,517249.0
2.43650035137456,2.66035037517423,64.52904101159389,0.5,11.121292,11.121292,0.856011972706708,6.856747261863099,305.0,2.568717562176245,0.6726335287090001,0.02817,94.469359925505,104.91167014051676,517278.0
0.701001492932602,1.343816473307745,40.751359828058185,1.5,10.172588000000001,10.172588000000001,0.7614628495475512,4.389147118115848,131.0,0.7206064690303519,0.7368643879889999,0.028689999999999997,72.46996139644736,77.98866564264648,517302.0
0.3394686997520807,0.5825584121770326,20.794791254918234,3.0,9.386055,9.386055,0.8310826496531382,7.648839815898273,382.0,0.29521108765881604,0.690075278282,0.01272,20.94619477721102,25.592083684465283,517868.0
0.4051696176464021,0.6720233335117901,27.167723836943768,3.0,8.79502,8.79502,0.598380993556937,2.3627850847698357,187.0,0.2991915557991031,0.833894133568,0.01315,16.855318097651008,25.55668909333177,521894.0
2.3099588732168668,3.811197049785872,125.52138328596705,2.5,10.379850999999999,10.379850999999999,0.8311913259073201,9.506761516614977,144.0,2.6790882540451544,0.6899999976160001,0.05861,55.13479533858154,104.48758054447713,521991.0
3.7781465793709113,7.686293222410722,170.56642411492697,2.0,10.943125,10.943125,1.2607672415863458,11.07865394770632,65.0,3.82329281527653,0.359658956528,0.07672999999999999,117.21393722106647,168.18311329185426,521997.0
1.7507997539658493,2.6901471303825994,163.36714763837662,2.5,10.306777,10.306777,0.4840444439386735,11.168250952925892,737.0,0.6122936340407471,0.8899999856949999,0.0286,44.929058028280096,123.94770154810509,534753.0
1.6924889855711305,2.8463074973101783,61.13770843898068,2.5,10.181461,10.181461,0.6577980359312486,5.572578790755451,139.0,1.7741812194590956,0.800731420517,0.036910000000000005,43.26222389740794,61.159870120319574,536625.0
3.1560310456808893,3.8245991574681577,215.65464123424763,1.0,10.971513999999999,10.971513999999999,1.0085152103840478,7.997029469658876,177.0,4.67778140117215,0.55932611227,0.04004,116.53721719831177,191.92286246110055,537084.0
0.31537773801397234,0.6705527468320291,14.307986056991782,3.0,8.336563,8.336563,0.6983334008117796,3.654731664004137,123.0,0.28503213044518444,0.776634037495,0.02043,18.820955141855787,21.36791016817703,537163.0
1.6725084684267186,2.8868692521448818,58.851262470614955,3.0,8.862812,8.862812,1.0153381047275631,3.8611198312024277,141.0,0.22841267098554094,0.554036617279,0.02111,27.136536628118485,49.68024926831409,537187.0
4.032596878943317,7.164544409764539,247.0515775443304,2.0,10.801093,10.801093,0.8707299443807757,9.250696761092968,282.0,3.7917742868660063,0.662177145481,0.03966,122.3219447803,213.2601677726197,537361.0
2.003852059196866,3.2560566422650385,73.5044266878986,3.0,9.6349535,9.6349535,0.7313440187385027,6.687829847125252,163.0,0.38991399414346667,0.7561686038969999,0.040139999999999995,24.12492955944436,57.30150606752392,537399.0
0.6599379883870142,1.154660616068135,45.68786682785511,3.0,8.890996000000001,8.890996000000001,0.6927862310283057,5.3707789162409405,271.0,0.2789214579188109,0.77999997139,0.02444,23.228515506848144,39.790130940872714,537417.0
5.2579525081024965,8.528693512799087,175.63530160964734,0.0,11.341275999999999,11.341275999999999,0.7936334633255564,18.93440960438611,445.0,4.331456230548461,0.7156077623370001,0.05391,175.26907134838748,214.80951319036603,543537.0
0.6001841479969854,0.4995633762460344,10.860607723300701,3.0,8.960118,8.960118,0.981648457273298,4.733095189727138,126.0,0.6175494671818658,0.579999983311,0.02541,20.554874646662878,21.942635935541876,543752.0
0.921503477895688,1.9381413675389443,39.616455292672725,3.0,9.891781,9.891781,0.480036124091449,8.076693306596646,163.0,0.22511057866395395,0.891774177551,0.053689999999999995,29.438980108191906,40.63724049180367,543860.0
2.549060359623068,4.153381682749927,214.34109755406914,2.0,10.897876,10.897876,1.0695093020131974,12.258533201813517,403.0,2.1512997974335955,0.511561751366,0.03791,89.45288590680502,175.99111297846085,543998.0
1.3526307395403467,2.5054640131798425,52.569673204159635,3.0,9.379875,9.379875,0.88045093601687,4.613807679427047,125.0,0.3703908043860591,0.655208349228,0.02947,26.69231550502151,45.76313994270586,544812.0
0.9809272221949048,1.6097209532730004,117.44164129329022,2.5,10.437382000000001,10.437382000000001,1.1159112556820363,6.1718675234609135,213.0,1.1957218270175711,0.474673509598,0.0253,52.44380201730979,98.21721806720913,544958.0
1.8798899149640385,2.9807198067355403,80.30919092036468,3.0,9.400051,9.400051,0.6056113561549069,5.060758694515102,226.0,0.31053916509893703,0.8300000429150001,0.026810000000000004,24.335101599757362,61.78171447129244,546043.0
0.8461824811220716,1.7265369978772571,81.75812981115416,3.0,10.002231,10.002231,1.444256152835922,5.044316972689205,162.0,0.5707101581027904,0.235138356686,0.01654,42.52451224388564,71.76719331762352,551202.0
4.015386840857559,8.188532325246584,223.48177213620198,0.5,11.344357,11.344357,0.8499890315359544,12.451964503440836,267.0,2.602265887632492,0.676878929138,0.0562,174.72294314933387,235.58471533894974,551505.0
4.562728377063651,7.323549974478057,216.16791054708068,2.0,11.08648,11.08648,0.7734511162630866,20.143180844393072,331.0,2.1971440898777868,0.729018568993,0.0878,72.21768629168426,169.05524833163108,551507.0
1.45793583270502,2.1190929408753605,92.61402080880791,3.0,9.739798,9.739798,0.538469443867063,8.371898025503898,717.0,0.5675305169930035,0.864599585533,0.021769999999999998,17.771445298105014,67.85648600665002,560333.0
3.3257728156209665,5.0877154207739785,271.5782921522741,1.5,11.211771,11.211771,0.6290270436455884,17.48159435138693,489.0,2.9246101934585336,0.817117571831,0.0626,149.9683090355617,243.6552443497958,560883.0
1.9460539014560756,3.3984348851258632,185.7720424160773,2.0,10.892035,10.892035,1.197556394446355,9.30921970569959,226.0,2.157747414621192,0.40943837165799996,0.03487,97.0930164576918,163.34833857916655,561020.0
2.7350508886599614,4.80638236138722,124.62761525798928,2.0,10.006739,10.006739,0.6916100126913935,5.032795883275838,96.0,1.4351155666178934,0.7807109355930001,0.03954,48.58767481898405,100.63192031737265,561856.0
2.4272891205624227,2.98144657316612,179.45543481493664,2.0,10.868530999999999,10.868530999999999,0.8573655005184909,11.503030844970054,261.0,3.5877570429789114,0.6716767549510001,0.05269,85.72927814299584,153.1392688804153,567545.0
3.834667693664902,6.371337612960224,170.36037848657244,2.0,10.693995,10.693995,1.121631406916874,7.9606536128922984,86.0,1.3137906649114923,0.470106005669,0.052329999999999995,58.73769910690147,134.02032150169242,568549.0
1.2025383117275974,2.042177683601739,54.43416098190297,3.0,9.500599000000001,9.500599000000001,0.8127230985776795,9.474794302279907,250.0,0.21001992264475403,0.7026956081389999,0.043160000000000004,24.634683079126248,45.69908698552797,570119.0
1.0529820541715087,1.6273872107474865,67.73355757072432,2.5,10.334010000000001,10.334010000000001,0.5225079778403073,5.377137816947206,240.0,1.2261924528273402,0.872299432755,0.02822,34.528198170263714,59.04332205659092,572402.0
1.7455232096099105,3.2338075410696536,96.96344944484795,3.0,10.061531,10.061531,1.0185557681518769,9.864947068260811,164.0,0.8744711042452505,0.551536917686,0.051210000000000006,45.794406395214914,82.45048769541569,574008.0
0.4009289387334157,0.9935446247679998,29.88865976935673,3.0,9.263433000000001,9.263433000000001,0.7368447617413509,2.8753111542935406,133.0,0.2109382992427161,0.7526872158050001,0.01884,24.342488502091218,32.23697780311649,574692.0
0.7483513779973086,1.2613839072003044,38.364281773890696,3.0,8.697953,8.697953,0.901437024427726,3.55742786825398,135.0,0.4745621580697888,0.6399999856949999,0.02089,16.724251122729758,31.86863087158544,585231.0
1.8436301474647696,3.5042173315952536,84.09979877896652,2.5,10.319804,10.319804,1.3074086659630069,7.29168367618142,111.0,0.5710259554256113,0.324148535728,0.03512,44.045320895425796,74.00255651065281,585359.0
3.070251131417734,5.0178535745853186,207.680320771796,2.0,10.656792999999999,10.656792999999999,0.7062574133530005,10.042633815465592,247.0,2.4953509266233884,0.7717890143389999,0.0504,79.67488745977056,167.07377265646798,585386.0
2.5526121365578893,4.523673148650958,110.61659668536436,2.5,10.285872,10.285872,1.0034802385011736,6.457928742027702,68.0,0.8175473065608135,0.5632196664810001,0.05271,45.59466730542125,90.53667443538187,592999.0
6.776647381549983,5.420941221797844,230.29903469833656,0.0,11.123335,11.123335,0.8749621705771877,11.915599380892715,563.0,7.4439194153791295,0.659149169922,0.02951,208.02581568907573,264.1847131924899,594049.0
0.7305218099296741,1.179909235661122,53.76224143785118,3.0,9.462503,9.462503,0.8170298578944198,7.141454700181045,263.0,0.3970066715931385,0.699752688408,0.029310000000000003,22.062161364354626,43.95370594475195,594059.0
1.7748205234927537,3.990608381800957,97.18374688064587,1.5,10.3772,10.3772,0.6586232884099058,5.888945456230809,118.0,1.002428498607941,0.8002524971960001,0.04348,75.77606015108886,102.29541348908151,594990.0
0.801597538430015,1.2018095222626808,100.27567891488731,3.0,10.021839,10.021839,0.5924713722659037,12.143444408498775,538.0,0.21069295724283746,0.837047219276,0.041710000000000004,21.693653687403835,74.14998652211473,598968.0
3.641271473779973,6.967689824757409,174.917084185763,2.0,10.907453,10.907453,0.8828589310567722,8.861773598430792,162.0,3.5599689070905725,0.653474569321,0.05035,108.72759561525913,164.6805489980525,599310.0
1.1431530246061208,1.8565852688890043,88.73866806477757,2.5,10.720676,10.720676,0.5139581351270144,17.1554701501108,645.0,0.6634215824269382,0.87633895874,0.05297,33.072238036056625,70.92988463030922,599582.0
2.8425245407733626,4.266212366760247,262.0228818279278,2.0,10.8901005,10.8901005,0.4690988013365024,12.280556623156297,387.0,2.735549832521228,0.896546959877,0.053279999999999994,57.32463633816144,193.9435722884586,599761.0
0.6083721362552758,1.034981718052029,20.939575538211244,3.0,9.006565,9.006565,1.1088910356668948,4.952296567005019,112.0,0.5128813853104072,0.480274558067,0.02828,29.305082416957568,32.83322657499417,600014.0
4.236328277960438,6.40166746519757,186.70030958255367,2.5,10.27586,10.27586,0.5060977621724422,8.172749082188686,184.0,0.8776963098536671,0.8800000548360001,0.050960000000000005,42.49909285352177,138.68913328910438,600026.0
1.6360399656060514,3.3027271126459183,79.94640358760384,2.0,10.268083,10.268083,1.1656398272550683,5.423506469763866,123.0,1.1014144457443693,0.434913307428,0.028110000000000003,45.32210384221961,72.45555064990505,600030.0
4.529914103685101,7.757802233052128,166.41001007526918,2.0,10.942109,10.942109,1.0265739587227318,10.424786818235308,149.0,4.311723305904224,0.545293867588,0.05665,127.45660035804012,173.46852942667942,601255.0
1.1867071626539818,1.6868814373203032,128.5688781849596,2.0,10.708886999999999,10.708886999999999,0.5111148708818578,14.85577624388479,497.0,1.197466873743466,0.877669095993,0.05404,61.99906402849607,110.04027516904458,601323.0
5.381650421629686,9.549144280642734,242.38427254003312,1.5,10.85844,10.85844,0.7566322826056032,8.209851486392282,66.0,4.37680313349698,0.7400000095370001,0.08167,95.62929772418349,196.26520417690205,609948.0
1.058219336766175,1.7593953041660824,81.38023135084985,3.0,10.250094,10.250094,1.2113373135314025,6.570696276221236,296.0,0.2545248103933347,0.39848589897200004,0.0206,29.429710598250324,64.63341932201708,610398.0
4.204787921028074,8.080303916481,172.79745819908786,2.0,11.335434,11.335434,0.9690619555652984,13.965939131313014,163.0,3.7660412518652215,0.589594066143,0.07754,170.99240100527862,210.16156161768203,610545.0
3.106259044344116,4.048213141842503,145.19816565424645,2.0,10.510836,10.510836,0.9146176059536768,7.930316694501384,565.0,3.600680884620117,0.6303377151489999,0.0211,103.95807481631502,146.1113786609159,611220.0
2.9063980186313163,4.2513383195429535,89.77905882934071,3.0,8.987127000000001,8.987127000000001,0.3556604372197864,5.312438318367631,176.0,0.5331478781302033,0.94000005722,0.029160000000000002,15.789155797661278,65.41740703317375,617655.0
1.8639165652350147,3.2628237872474815,135.79214891539436,2.0,10.230475,10.230475,0.7480881082516309,10.134634269802856,238.0,0.8830701348555635,0.745509505272,0.051,52.77448227655469,109.56687379444895,618116.0
2.187417202676809,6.507364606034128,136.70082602753,2.0,10.922445,10.922445,0.9435148408573321,12.448756062533288,257.0,1.4825882544981492,0.608872175217,0.05445,192.4092146191401,215.32501895659686,618993.0
0.8919701603744534,1.5785229950802413,51.85289281692781,3.0,9.3191,9.3191,1.1467789727486182,7.223114043864338,138.0,0.2873935669562359,0.449999988079,0.035519999999999996,23.02352268814098,43.29484777330028,619098.0
0.5544445420763028,0.9173575813824878,35.981462010923885,3.0,9.405699,9.405699,1.44031230238458,2.5308948580447637,290.0,0.2076725346774219,0.23717606067699998,0.00558,19.832561275875726,32.25931324413377,619104.0
1.294694520630724,2.4517401877622933,51.532883930986735,3.0,9.645575,9.645575,1.203199386101737,6.056921810531316,168.0,0.2713207892666022,0.404948949814,0.025910000000000002,32.600318550311044,48.893760672544204,619105.0
1.632540884184865,3.2277922001742683,66.0413258090889,2.5,10.204916,10.204916,1.3429818689670978,7.529479357361634,72.0,0.5770071792106676,0.298274129629,0.04272,37.59163809737976,59.948808263012936,620034.0
0.8255141064981601,0.8106298951629215,16.840707059104876,3.0,9.845653,9.845653,0.8178365170152893,11.800381277302462,307.0,0.8748523902321769,0.69920027256,0.0346,30.320706191663433,32.575296331521976,622084.0
3.2858710174502144,5.082523093837738,256.76871752405924,2.0,10.887788,10.887788,0.6034360392599937,10.220894499842473,212.0,3.4912728618032327,0.831175804138,0.05814,71.23916630846337,195.0387293995733,622228.0
5.8335020448047175,9.534845874992108,213.98512714953964,2.0,10.628877000000001,10.628877000000001,0.8203015493023357,6.436654607019289,126.0,2.699077019829514,0.69750982523,0.04265,73.69153448986353,168.30109796455002,622305.0
6.128919614202598,10.05493985167501,226.35902660001256,2.0,10.612382,10.612382,0.4162882298450257,8.552366328333783,197.0,1.710855478021147,0.9181648492810001,0.0524,76.3393021555866,177.3327198101201,622694.0
0.5695415535122155,1.4493318109554465,35.12153869261572,3.0,9.034506,9.034506,0.8865139923473476,2.7782070502328753,215.0,0.2277666005836465,0.650837242603,0.01311,32.333272738952736,40.77010873274631,622744.0
0.9555119472684206,1.4170561905033343,120.65241743176534,2.0,10.500202,10.500202,0.32372095551701163,10.566704759095895,489.0,0.7067587635750819,0.950190544128,0.03936,22.824635546137852,88.31459054923201,623144.0
4.021601760419647,6.534461975976591,240.43503116091662,2.0,10.481114999999999,10.481114999999999,0.5020725149788509,10.119228967383377,478.0,1.290243776355788,0.881855249405,0.03809,81.63883958263052,188.59852129079368,623432.0
0.8323805900492298,1.2786878356499478,37.198272832442655,3.0,9.307166,9.307166,0.8737742399995629,5.767552388035615,195.0,0.8313640010473088,0.660000026226,0.017580000000000002,23.85061687822104,35.50644556035006,623641.0
1.1746970061689772,2.2199716792934687,67.68796801918285,3.0,10.024158,10.024158,0.8166684746207227,11.265275523104465,324.0,0.8034551900651354,0.700000047684,0.04701,41.45151488077746,63.31712717104492,751043.0
1.8513191415254064,2.831048657337391,146.3641883886116,2.5,10.3622675,10.3622675,0.6217988410138353,6.302734300775708,267.0,1.2512745739281228,0.821138203144,0.030660000000000003,33.904192222514965,108.90698816692036,3895257.0
6.833577888157455,5.693958847106925,153.78515245757632,0.0,11.73398265,11.73398265,0.7681117616342922,30.436918032684723,670.0,6.853097405933187,0.73252415657,0.055389999999999995,211.9284078292544,238.1986284663343,9008500002.0
3.3944338668084177,5.902848473624852,154.48033813668502,3.0,10.72768688,10.72768688,0.7565766872362851,9.991068066372064,294.0,3.8306541816863904,0.7400360107420001,0.04471,117.6006366398785,160.50544281586528,9008500074.0
8.711965290731838,15.952486028180408,373.3208714057505,1.0,10.750969,10.750969,0.7669102845452056,5.843383941432328,64.0,10.220225867856843,0.7333105206489999,0.05579,225.69470879272683,347.30726754648856,9008500110.0
3.690673242078303,4.85471337408063,117.68203192295073,2.0,10.80814261,10.80814261,1.1697167055785838,8.824080050053645,105.0,3.9635770228414615,0.43165385723099997,0.05095,111.1858533593638,138.8770114382044,9008500209.0
8.093937904092176,8.671769089774152,427.21013639937684,0.5,10.85573684,10.85573684,0.6927862310283057,6.524447420060773,93.0,11.765212908364767,0.77999997139,0.05396,275.4162070852259,408.7888665881192,9008500245.0
1.9157052882987464,2.8663549959927614,175.2205655825193,2.0,10.65350597,10.65350597,0.7674179835610202,16.2723314271941,546.0,1.0960452249301535,0.7329783439640001,0.052779999999999994,35.507492169341596,128.88718051724473,9008500268.0
1.6284367487714393,2.256561078456957,113.2326855605318,2.0,10.77187964,10.77187964,0.4955269440697676,11.85863518444233,346.0,2.0349253296645857,0.884843528271,0.054229999999999993,59.40163695785522,99.69641424293036,9008500673.0
2.2777389003810304,4.626110934038267,116.6546801056464,2.0,10.43187141,10.43187141,1.0121197201595873,7.444990015685031,94.0,2.7952367216853333,0.556533575058,0.05076,85.86434669083245,119.06654957593595,9008500701.0
1.4920687969594708,2.098012758001766,165.69934489945058,1.5,10.89273058,10.89273058,0.7352305321447165,10.570238132283984,227.0,2.3845797807822846,0.753710925579,0.054920000000000004,76.42348774360791,139.88811932737863,9008500724.0
1.5500742801211875,2.851444895605107,88.83136201995222,1.5,10.1450563,10.1450563,0.9785780259237198,6.343907475652532,59.0,1.9363812414648771,0.582346022129,0.0569,61.029676886487906,87.5792606729985,9008501098.0
14.261209709821069,18.959697803473087,451.27244209719083,0.0,11.59188155,11.59188155,0.6019877190374464,32.59190398417817,611.0,14.007167099989038,0.831956624985,0.04453,394.3424897157398,507.27646081144906,9011900001.0
2.8724829926305033,2.871238743606558,163.47476111598866,2.0,11.18251902,11.18251902,1.0186322878954075,8.767488830513699,138.0,3.3620993443935205,0.551477432251,0.049819999999999996,219.07287094686728,247.69925624811142,9011900030.0
3.7440340787606754,7.514059304811491,257.50081063679073,1.0,10.8944829,10.8944829,1.0516952095146794,5.5173903554285015,83.0,5.2347127839703065,0.525614380836,0.03907,178.93064122424485,255.28319198141816,9011900048.0
3.4272944067437714,3.0711370312309776,109.35731488180677,2.0,10.66260136,10.66260136,1.2551009638140376,7.78192579768641,70.0,3.769235458086362,0.36406105756800006,0.05026,120.27243435403516,142.9859070836179,9011900084.0
3.5593948297673905,5.947915084203423,272.3828308479719,2.0,10.84383941,10.84383941,0.597122951049083,10.498394359540532,387.0,2.1461387757203556,0.834567606449,0.04345,119.78562059520293,226.81445758980038,9011900147.0
1.1392481887431822,1.7278476681506256,121.72112864037571,3.0,10.62781159,10.62781159,0.460220763930759,16.459736884961238,672.0,0.8198888657109455,0.900347173214,0.05002,49.19323855843532,99.13622596513636,9011900166.0
12.159146177826756,17.746551636089638,421.9260514530945,0.5,11.26401663,11.26401663,0.8444357958844593,14.117877735099345,451.0,12.540882136259064,0.680775642395,0.04498,328.41957737395217,443.7005918971543,9011900413.0
6.813843159133063,10.66186467769374,306.2075494293132,0.0,11.08933013,11.08933013,0.6729988480447922,19.321255976138314,566.0,3.784906825761892,0.791831314564,0.04572,108.73578843747093,242.2911540912525,9011900418.0
2.3053776351884068,4.249470465167067,119.72442176987083,2.0,10.49545205,10.49545205,1.0780595044842272,7.819971685464891,114.0,1.476847346065431,0.5047922134399999,0.04718,52.71072201921425,99.72657017992668,9011900441.0
2.2355968990908064,4.953795525178753,102.54019273610731,2.0,10.35244023,10.35244023,1.1826311859785317,6.284116794783205,65.0,1.4706500414316537,0.42133715748800005,0.0447,62.10090179269803,95.46605452539318,9011900450.0
6.059388543930224,9.200246201841429,285.8430831602978,2.0,10.31816106,10.31816106,0.4288633607154044,9.21392808489085,224.0,2.199683515863708,0.9132338762279999,0.05331,65.01047036570314,212.31932402035957,9011900519.0
0.8708588187763755,1.3180922880019457,60.62706453716621,2.0,10.75314763,10.75314763,0.9265238842936052,12.83367719399128,434.0,0.9471899368324262,0.621539235115,0.04331,98.55541474530581,107.47553327532783,9011900521.0
12.163043410543173,14.627845569435804,317.53675687582626,0.0,11.47079262,11.47079262,0.6192616650936821,18.89919913111162,591.0,11.949736500464649,0.8225402235979999,0.04419,302.93060334641683,377.06994898484413,9011900547.0
5.770346524433208,9.590732958247427,221.92038033465812,0.5,10.87117327,10.87117327,0.5843867946689403,7.909641312377639,220.0,2.3082725962429573,0.8413172364229999,0.04364,86.92900933349281,179.39058020877837,9011900757.0
2.951025800392064,4.783595844655145,113.92057925961002,3.0,10.03736638,10.03736638,0.5478072981345121,6.220320246752832,101.0,0.8840223855677994,0.8600000143050001,0.05165,37.64750688372187,88.91728720548346,9011900772.0
1.8076149019464167,4.26546929500169,86.66688501891375,3.0,10.12450392,10.12450392,1.1552667863421662,5.706984461746691,56.0,1.2206791443053333,0.44320982694600003,0.04583,56.701437246538745,83.49028365782439,9016800074.0
2.242012343902198,4.291674137140928,89.22772791659666,2.5,10.04627512,10.04627512,0.5232972972276153,4.1086713680994515,60.0,1.1761051711136503,0.87192350626,0.04395,43.77489665016114,76.79215644394543,9016800092.0
2.549674871182465,4.284183931107732,154.04673501532724,2.0,10.42021867,10.42021867,0.8737743232530426,9.71116828805727,244.0,1.9213040681680682,0.659999966621,0.04515,56.55402098328921,122.7336774231895,9016800093.0
2.0174616746298786,3.0224171594588523,141.2674389750009,2.5,10.46248604,10.46248604,0.7086243781867749,12.74697990233789,561.0,0.3437247564927658,0.770333409309,0.041030000000000004,30.41450321295077,104.41880416365818,9016800109.0
3.718510014863774,7.364616109016283,205.50848260218802,2.0,10.72941487,10.72941487,1.0135424483282358,6.470416391945473,97.0,4.003072502312143,0.5554301738740001,0.04338,132.04976023797866,196.35174404530912,9016800147.0
2.527748142741053,4.1581774157342135,105.8630238919773,3.0,10.15452036,10.15452036,0.9149144645749148,7.8817125288177525,157.0,0.6735802279813039,0.630119144917,0.044739999999999995,34.5897955180441,82.4617721599335,9016800185.0
3.3335036284538937,5.141538085704246,128.76181604077456,3.0,9.991985852000001,9.991985852000001,0.3816986710116,8.689293450140978,260.0,0.4135952623030182,0.931018710136,0.04637,35.660816400724585,97.78290475039756,9016800245.0
3.427477592824766,6.003517090914702,214.4750314358208,2.5,10.74403605,10.74403605,0.7868489391914444,7.161954979625029,170.0,3.1822925752490723,0.720143914223,0.04145,133.24193581506066,201.8741761950817,9016800318.0
3.070574095014884,5.772009084273252,141.51601533333462,2.0,10.84342959,10.84342959,1.0353766418629486,10.895911086317222,258.0,1.6413327843204266,0.538417935371,0.044219999999999995,78.4962503552979,127.18118028133684,9016800343.0
2.5258657029418794,2.057669754383859,128.4041197441099,2.0,10.67138845,10.67138845,0.5666581645282761,15.921828866594995,559.0,3.236638903045777,0.850503325462,0.04315,102.88442351810595,137.21885288211254,9016800559.0
2.2414540813676918,3.9776218158321535,90.38741898320771,2.5,10.1206216,10.1206216,1.161067609213165,8.032199069641205,82.0,0.9279336449880772,0.438569784164,0.05227999999999999,37.9109755038909,74.31140436621813,9044200075.0
2.603187028175655,6.464203625898136,154.70339548507062,2.5,10.67045117,10.67045117,0.9084398575575248,6.29718018595712,90.0,2.420632582283689,0.634876787663,0.04771,128.40753538991612,168.68629295890537,9044200305.0
18.378029680624284,28.09532397184147,720.9245395749302,0.0,11.59325,11.59325,0.3195751904815694,15.489396638468572,527.0,9.292963417726044,0.951445937157,0.0521,279.9015396343556,581.5590836452866,9091700037.0
2.3473902481195092,3.4996176723073438,113.10622937307085,1.5,10.53631527,10.53631527,0.7507147696177794,6.856950273216716,107.0,2.7052885470776022,0.7438207864759999,0.05125,95.24285531976469,124.36925283589382,9091700063.0
2.1728566294001683,3.387877848982622,78.77563082865616,2.5,10.18727842,10.18727842,0.3419238212644929,7.8697144759291415,172.0,0.4125998766642331,0.944495022297,0.05212000000000001,21.649643946031446,59.7620873900527,9091700152.0
2.9146091376218037,4.8119327286658065,120.05198522643222,3.0,10.05467136,10.05467136,0.6166285192225991,8.939330890065914,204.0,0.6634498793194943,0.8239901661869999,0.05068,42.29041218429278,94.84048998777435,9091700202.0
5.3701456255845175,8.271044364601707,283.305803277937,2.0,10.90655065,10.90655065,0.41151680244051136,9.02195740376729,164.0,2.448782840905172,0.920000016689,0.06138,67.13247873332,211.27673508069512,9239900119.0
3.6370102442815555,6.255921347962233,142.38585172834757,2.0,10.43526313,10.43526313,0.4604609232651906,5.766152462322401,75.0,3.601631689298706,0.900245249271,0.057870000000000005,82.38191118978628,130.09090928072308,9239900120.0
5.279687971081973,10.657344662674893,303.39821319991347,1.0,11.02927655,11.02927655,0.987520771199045,9.263546807483198,114.0,3.5326177238202345,0.5755032897,0.059370000000000006,156.02387330698397,265.2709688755328,9239900167.0
3.9885658207350962,6.924417294782955,234.78788585409555,0.0,10.89582954,10.89582954,0.4555581216447112,10.065360633266456,256.0,2.99447617352452,0.902316331863,0.054189999999999995,137.18610222228682,215.36643729899424,9239900205.0
4.799407430072192,7.042222350197319,387.0648259989398,0.0,11.02458079,11.02458079,0.3227810337470821,9.77420391800954,245.0,2.3535961749977248,0.9504765272139999,0.055260000000000004,59.03361050517995,279.9902800671339,9239900256.0
1.7541948610887177,3.0600083352894583,72.0814935652123,3.0,9.887755341,9.887755341,1.0076445487844303,7.1483888866482275,72.0,0.63383079423053,0.5600000023839999,0.056170000000000005,26.616701544990487,57.50060572229626,9239900357.0
4.263527183392542,8.372559415969436,169.46973484576625,1.0,10.89448154,10.89448154,0.7566322826056032,7.0843782525287216,89.0,4.000092492242427,0.7400000095370001,0.056260000000000004,142.64488498437495,186.29964768230968,9239900362.0
1.8053525212494568,2.980077221397458,116.61461550024909,3.0,10.09016772,10.09016772,0.7565507294096016,11.067591640762657,211.0,0.7929253451573752,0.740052819252,0.05925,36.880539223036905,90.33082778053921,9239900366.0
1.618723230871122,2.544909011781248,149.81981848124036,2.0,10.80254696,10.80254696,0.6947800360342513,12.349249388821137,292.0,1.194218675874945,0.778792619705,0.05791,44.645473628210524,114.96176460181508,9239900408.0
4.185909224835004,4.209949047263337,117.80817899531506,0.5,10.92325023,10.92325023,0.6302834852606536,10.116867051222574,251.0,4.421609812312466,0.8164147138600001,0.05212000000000001,133.34849068298007,157.2297792611976,9239900555.0
3.1401195543041496,4.963659802224885,108.22990746749748,3.0,10.0647211,10.0647211,0.32434579171669303,8.350782282427382,160.0,0.9470588505876874,0.949999988079,0.05911,32.88415020475529,83.2960009238165,9239900565.0
2.2675071551233423,3.3054706078710065,197.47352253049556,3.0,10.5380906,10.5380906,0.4840444439386735,16.195504994474806,510.0,0.714098664480744,0.8899999856949999,0.0606,27.76654987948497,142.3688074773087,9239900615.0
3.0375649713188624,4.3566767715860335,192.97565180215983,2.5,10.72944184,10.72944184,0.8060471786213312,9.6774520987826,197.0,3.8377718974932873,0.707235872746,0.05244,79.37092472203473,157.85925625526406,9239900630.0
3.82941305289116,5.583351575634457,133.54848703731682,0.0,10.34128136,10.34128136,0.7075872898331521,5.751485961779619,59.0,4.3785439600209015,0.770971655846,0.06056,110.44985702447941,145.3161041031108,9239900645.0
1.2873850562566498,2.203529586309017,84.0210348065484,3.0,10.1761629,10.1761629,0.6559047084073976,9.694887995579018,167.0,0.5240574602980279,0.801828324795,0.06017,31.526230866643623,67.25823650407823,9239900778.0
2.7400734702357377,4.674793860004644,131.85169077275458,2.5,10.17234623,10.17234623,0.6321407607604818,7.894693698399414,124.0,1.5159959593466992,0.8153735995290001,0.05785,49.48341779883174,105.55113839684908,9239900827.0
3.2286616454108654,5.258762695381223,118.07434778266564,2.5,10.06119335,10.06119335,0.6590579127075747,5.9158262497083305,65.0,1.639011052562041,0.8000000715260001,0.05993,34.692866382219805,90.4122269384263,9239901098.0
7.5040546415804785,11.98848338735661,499.6569042349896,0.0,11.55296471,11.55296471,0.4699414079044153,22.654651595264397,680.0,2.1588075113319385,0.8961828351019999,0.057589999999999995,176.2342441154839,394.8253028540632,9388000001.0
2.6671115450783525,5.7457859801754285,139.68898987160412,1.5,10.70265278,10.70265278,1.3391314028864618,9.197947390205773,62.0,2.0205366668462044,0.301009565592,0.060379999999999996,78.20836105221187,125.9883116965526,9388000046.0
1.4337323728821212,2.149295264854304,91.0854893526943,3.0,9.852850997,9.852850997,0.6590580153066045,10.623014095574284,248.0,0.2414001951288976,0.800000011921,0.05321,20.796734285632347,67.68151403638285,9388000113.0
2.6293575416904864,3.55665523018226,140.25340527624323,2.5,11.07404581,11.07404581,1.0762309368661072,15.5441662562389,295.0,2.869820277817772,0.5062412023539999,0.058089999999999996,98.39548411565096,139.70390166399932,9388000139.0
3.8025961104622072,6.3450215848831615,206.97460450233947,2.5,11.11928229,11.11928229,0.7661915371589412,10.63066982018463,239.0,2.2171184005980287,0.7337805032729999,0.0529,73.4567166186671,163.75326766463346,9388000219.0
2.8005597841679526,4.237696685019411,201.35408442148,2.5,10.81700999,10.81700999,1.1009686464520534,18.259443972700648,435.0,2.4876789280655958,0.486588299274,0.05384,53.43351718073206,152.0752261708324,9388000343.0
1.3963728131647302,2.3203197659391193,68.06381469794594,3.0,10.51503569,10.51503569,1.562234100963845,9.84433960600674,46.0,1.4619935775211428,0.200175866485,0.0576,58.06571362530515,75.41862193406948,9388000364.0
2.5150719479602675,4.359671164450027,102.08406531198341,1.5,10.24699775,10.24699775,0.9682094423567816,6.013002070239223,56.0,1.450489345267851,0.590241670609,0.055810000000000005,39.28974916979594,82.18432079865434,9388000496.0
0.3655856411211529,1.2016614191850472,24.870002802066328,3.0,10.48252334,10.48252334,0.9035704016739852,9.619685102755104,151.0,0.15891611903953448,0.6384417414670001,0.05636,35.285696859793795,39.425105232182396,9388000716.0
17.08803536653225,10.894653384462496,293.6810647725366,0.0,11.27875033,11.27875033,0.9251615293530214,18.217259377420362,607.0,17.806908223264085,0.6225492954249999,0.02882,523.9848847308425,563.6350267055443,9403800001.0
11.880115638094571,16.18501226921943,494.54916021277666,0.0,10.97147845,10.97147845,0.5990952418772406,7.810395336060101,423.0,12.295542171271167,0.83351123333,0.02698,299.6346037334158,460.51094632816535,9403800002.0
15.080604104212027,15.056973378052454,343.23830734199765,0.5,11.03964516,11.03964516,0.8952998012649349,5.698202824031752,169.0,15.821966899258866,0.644470274448,0.02792,413.51639223641337,479.48104703076535,9403800029.0
15.173223809387734,13.459439224101374,396.13847223164873,0.0,11.32099779,11.32099779,0.6576853002781302,11.274129816545697,547.0,15.860418687470114,0.8007968068119999,0.0274,598.5021182834446,660.8083157624325,9403800035.0
7.512792848690692,9.582531248504452,451.29419302834975,0.0,11.04139803,11.04139803,0.6732110400036195,5.386774007597601,230.0,10.70369887803204,0.791705906391,0.02692,260.20501433458884,411.7521995271164,9403800123.0
2.263142812435917,1.9484185890790675,56.791362054875634,0.5,10.12976573,10.12976573,0.9873934474314416,5.442826506539743,118.0,2.749038817764263,0.575600922108,0.03354,62.88058832909184,74.6096360441244,9403800131.0
2.531154686112536,4.510082137177252,191.7742299872504,0.5,10.84464085,10.84464085,0.8140102320371246,8.283189926207857,319.0,2.5533773174469627,0.701817214489,0.03392,146.32960056272742,199.50195398654307,9403800149.0
2.2583080753434803,2.7760136510604654,129.19310111635545,1.5,10.53216276,10.53216276,0.9624063882575749,6.357697963991989,180.0,3.1475818998808505,0.594642221928,0.03227,86.30782478106687,125.67604905657149,9403800169.0
1.5319471636276831,2.9169635407959857,61.00812063542008,0.5,10.09136829,10.09136829,0.7557058150099393,3.0155460322901093,68.0,1.4144597888279926,0.740599691868,0.02669,76.43319276207139,87.76689778918329,9403800250.0
0.4762222103019176,0.5807776948823968,16.708510923966287,2.0,9.979474352999999,9.979474352999999,0.5946261006934863,6.24295305059637,419.0,0.50321048706461,0.83590066433,0.02423,32.894748218058616,34.95213339665579,9403800272.0
4.116148749903468,3.261438258749009,137.59098460183802,3.0,10.98448682,10.98448682,1.184242011048083,7.160699823048843,205.0,5.032191322847789,0.420051515102,0.02798,134.94725130476743,166.36225580510643,9403800352.0
0.8072313644970409,1.4642814929916594,61.62450233038799,2.5,9.722213592000001,9.722213592000001,0.8308769728918052,6.2148333588788125,199.0,0.2693946706694448,0.6902177333830001,0.032080000000000004,28.42762450847709,52.02806433963275,9403800551.0
3.6414332096011983,5.9667165844281245,140.95885956712516,2.0,10.35200683,10.35200683,0.8754638313307527,6.674198185173178,180.0,3.488801982755532,0.658789634705,0.03575,78.10669314763456,126.63078440762736,9403800619.0
1.756633025719171,2.9277361176568837,102.58083233386064,2.5,10.08268984,10.08268984,1.1464243156631848,7.163258900831227,147.0,1.049134284794592,0.450283706188,0.03514,35.75627017463811,80.86979929464107,9403800690.0
2.3155055369369526,3.847343149886527,169.87619100042147,2.5,10.73483205,10.73483205,1.1328306708774591,7.85846548305819,241.0,1.4982759676433095,0.461155891418,0.02997,61.892746397902386,135.12835450445215,9403800881.0
0.9150477395871556,1.3968816569659035,74.74750810926686,3.0,9.648343042999999,9.648343042999999,0.5877983212067301,7.71863415098182,444.0,0.10251382028487363,0.8395215272900001,0.02887,20.86572070965596,56.82405551353954,9403800992.0
0.8651707174330883,1.443666655848795,113.31893966753636,1.5,10.27061068,10.27061068,0.6544524838619676,6.0571813143136675,251.0,0.7832301175595867,0.802667915821,0.029889999999999996,42.21298109093997,90.56780231556593,9403801061.0
1.64907408433264,2.822675493093074,104.81724504238758,2.5,10.24059526,10.24059526,1.1091631738427443,5.595318171429366,150.0,0.5785732501810675,0.480057537556,0.02767,39.04209359610413,83.77119135779864,9403801088.0
1.8320088235445973,2.978027377724442,87.2704706047534,2.0,9.855590982999999,9.855590982999999,0.8015889319420257,5.144963244928701,201.0,0.5500650726575874,0.710253179073,0.0266,29.304327528349138,68.31406247381518,9403801173.0
1.8980232508697532,3.236199720261315,174.94356866148155,1.5,10.71965815,10.71965815,1.0321521970169742,6.715614671308143,248.0,2.204466010437267,0.540939211845,0.0275,78.25569401152718,146.3782079178216,9403801183.0
1.0185455058660395,1.8311971471172979,54.35287098934439,2.5,10.248413699999999,10.248413699999999,0.6956827180357403,8.754147974096746,374.0,1.0427766584808178,0.778245091438,0.035039999999999995,88.18264560261733,96.1940553146033,9403801272.0
1.7306491264522668,3.0464842798197656,61.15089135010837,1.5,9.7827835,9.7827835,0.7962582565378369,4.536245598537045,140.0,0.4565534862908651,0.713845312595,0.028489999999999998,25.463830816877287,50.1808971255689,9403801281.0
13.246678124510165,21.05661452448194,552.430607222895,0.0,11.45416635,11.45416635,0.3525353835948517,11.881343482790466,730.0,10.618522180077846,0.9410374760629999,0.0275,383.0892503420874,547.1262757590706,9403801368.0
